ID No,Primary Source,Purpose of Event,Subpurpose of Event,Text of Event,Year,Month,Day,Date Range,Location,Standardized Spelling Location,DI,Building,Landscape feature,Spelling First Name as found in document,Standardized Spelling First Name,Birthday,Birth Year,Birth Location,Age at Event,Age qualifier,Health,Physical Description,Clothing,Tools,Food Stuffs,Skill 1,DI1,Skill 2,DI2,Count,# days labor,Total days,Cost £,Cost s,Cost d,Dr Cr,Servitude Status,Seller Original Owner,Renter,Owner,Account holder,Work Report,Report Author,Location From,Location To,Round Trip,Marital Status,Spouse,Mother,Literate,Resistance,Common Event Title
1322,"Will of Augustine Washington, 11 April 1743",Slave Inheritance,,Item. ...and that Ned Jack Bob Sue & Lucy may be Included in my Wife's part which part of my said Wifes after her Decease I Desire may be Equally Dividied between my sons George Samuel John & Charles and the part of my said Negroes so Divided to my Wife.,1743,April,11,1740-1749,,,,,,Lucy,Lucy,,,,,,,,,,,,,,,1,,,,,,,Enslaved,Augustine Washington,,Mary Washington,,,,,,,,,,FALSE,FALSE,
1339,"Inventory of the King George County Estate of Augustine Washington, 1 July 1743",Census,Probate Inventory,Negro's É Lucy  20..,1743,July,1,1740-1749,Home House,Ferry Farm,I,,,Lucy,Lucy,,,,,,,,,,,,,,,1,,,20,0,0,,Enslaved,,,Augustine Washington,,,,,,,,,,FALSE,FALSE,
1385,"Inventory of the Estate of Lawrence Washington, 7-8 March 1753",Census,Probate Inventory,"An Inventory of the Estate of Lawrence Washington Esqr. deceased, as AppraisÕd by us the Subscribers the 7th and 8th of March 1753

Negros Dublin £40, Dula 40, Ned 40, Sands 40, Acco 40, Sando 40, Will 40, Ben 40, Frank 40, Moll daughter to Frank 25, Mildred do [daughter to Frank] 20, Hannah do [daughter to Frank] 15, Penny do [daughter to Frank] 10, Moll 25, Lett and Child Young Sands 45, Barbara 40, Will [child of] Barbara 10, Grace 35, Phebe 35, Couta and Child <missing> 45, Judy 35, Sarah [child of] Judy 28, Kate 30, Ceasar 25, Tom 15, Glasgow 10, Charles 30, Aaron [child of] Grace 20, Barbara [child of] Couta 15, George [child of] Phebe 15, Lucy [child of] Lett 25, Bella Do [child of Lett] 20, Lydia Do [child of Lett] 15, Nan Mulato 15",1753,March,8,1750-1759,,Mount Vernon,I,,,Lucy,Lucy,,,,,,,,,,,,,,,1,,,25,0,0,,Enslaved,,,Lawrence Washington,,,,,,,,,Lett A,FALSE,FALSE,
1464,"Memorandum II, Division of the Slaves of Lawrence Washington, 1754",Slave Inheritance,,Lucy  4 [feet] - 1 [inch] Do [high],1754,December,10,1750-1759,,,,,,Lucy,Lucy,,,,,,,4 [feet] 1 [inch] Do [high],,,,,,,,1,,,,,,,Enslaved,Lawrence Washington,,Washington Brothers,,,,,,,,,,FALSE,FALSE,
1472,"Memorandum III, Division of the Slaves of Lawrence Washington, 1754",Slave Inheritance,,"No. 1  
Peter 
Jenny 
Phebe 
Tom  
Lucy [child of] Lett
Tom [child of] Jenny
ÉDrawn by Go: Washington",1754,December,10,1750-1759,,,,,,Lucy,Lucy,,,,,,,,,,,,,,,1,,,,,,,Enslaved,Lawrence Washington,,George Washington,,,,,,,,,Lett A,FALSE,FALSE,
28742,"Combined County Inventory of Slaves & Personal Property in the Custis Estate, 1757-1758",Census,Slave Value,"The Appraisements of the Estate of Danl Parke Custis According to the Returns made to the County _Cour_t of New Kent by Sworn appraisers whose Names are herunto annexÕd



[New Kent County, 20 Oct. 1757] 

A Negro Man named Anthony £20;1 Ditto Shomberg 45.; Ditto Squire 50.; Ditto Morris 60.; Ditto Jack Palmer 50.; Ditto Jemmy 12.; Ditto Ned 50.; Ditto Brunswick 40.; Ditto Michael 60.; Ditto Joe 60.; Ditto Sampson 1[s.]; A Negroe Woman Jenny 45.; Ditto Moll 45.; Ditto Doll 40.; Ditto Jemima 35.; Ditto Betty & Child Austin 60.; Child Hue 15.; Girl Nanny 40.; Ditto Sall 35.; Boy Davy 35.; Ditto Julius 30.; Ditto Joe 20.; Ditto John 15.; Ditto Peter 20.; Girl Christian 15.; Ditto Alce 12.; Ditto Lucy 25.; Ditto Doll 30.; Boy George 40.; Ditto Sampson 25.; Woman Alce _illegible_; Boy Tom 4_0_; Ditto John 42.; Ditto Billy _illegible_; W_oman_ Esther & Chd Phil 50.; Girl Eve _illegible_o.; Ditto Hannah _illegible_o.; Ditto Betty 25.; Boy To_be_y 17.; Ditto _Emanuel illegible_; Woman Leck _illegible_; Girl Fanny 20.; Ditto Queene _illegible_; Ditto Grace 15.; Ditto Alce & Chd Phebe 40.; Boy Bob 20.; Ditto George 14.; Woman Abbe_y_ 40.; Boy Pompey 30.; Girl Amey 30.; Ditto Patt 15.; Girl Nell 15.; Boy Perry 25.; Ditto Sam 30.; ditto Tom 30.; Woman Hannah 15.; Man Charles Baker 50.; Woman Arbor _illegible_; Man S_illegible_ 40.; ditto Gooding 50.; ditto Abram 45.; ditto Jacob 35.; ditto Goliah 35.; ditto Roger 50.; Woman Kate 15.; Ditto Moll 35.; Girl Arbor 10.; Boy John 20.; Woman Betty 35.; Girl Betty 12.; Boy George 20.; Woman Nan 40.; Girl Sall 16.; Ditto Phebe 30.; Boy Stephen 35.; Man Jack 60.; ditto Mingo 60.; ditto Ned Hall 50.; ditto Stephen 50.; Boy Shomberg 30.; Girl Rachel 30.; Man Will Harlow 50.; Woman Patcy 30.; Boy Tom 20.; Ditto Harry 25.; Man Joe 45.; Boy Davy 35.; ditto Billy 40.; Man Duke 40.; Ditto Bristol 35.; ditto Charles 40.; Woman Dinah 40.; Boy Dickey 25.; ditto Peter 30.; Woman Sarah 40.; Girl Peggy 20.; Boy Godfrey 15.; Woman Elizabeth 35.; boy _illegible_ 20.; Ditto Paul 25.; Woman _& chd illegible_ 50.; Girl Abby 20.; Woman Molly 50.; ditto Venus [      ]; girl Beck 45.; Woman Nanny 10.; girl Rose 30.; ditto Nanny 15.; ditto Cosiah 10.; ditto Nanny 30.; boy Daniel 25.; Woman Phillis 50.; girl Sarah 30.; ditto Nell 35.; Woman Esther 30.; Man Sam 20.; ditto Pompey 10.; ditto Breechy 50.; ditto Peter 15.; boy Billy 40.; Man Northampton 6[d.]; Ditto Isar_illegible_ 50.; ditto Bob 40.; ditto Tom 40.; boy Bat 40.; Man Bob 40.; ditto Tom 40.; ditto Prince 10.; ditto Jemmy 40.; ditto Isham 40.; Woman Jenny 40.; ditto Bella & Chd Milly 55.; ditto Kitty 15.; ditto Betty 20.; Man Paul 30.; ditto Martin 30.; boy George _illegible_; ditto Martin 30.; Man Will 40.; ditto Dick 45.; ditto Jerry 15.; ditto Joe 45.; ditto Moses 15.; ditto Hercules 40.; ditto Narcissus _illegible_; Woman Eve & child Dick 55.; ditto Nanny & Chd Nanny 50.; boy Harry 35.; Girl Sall 20.; ditto _Crajah_ 25.; ditto Frank 15. É",1757,October,20,1750-1759,New Kent County,New Kent County,D,,,Lucy,Lucy,,,,,,,Girl,,,,,,,,1,,,25,0,0,,Enslaved,,,Custis Estate,,,,,,,,,,FALSE,FALSE,
30047,"Combined County Inventory of Slaves & Personal Property in the Custis Estate, 1757-1758",Census,Slave Value,The Appraisements of the Estate of Danl Parke Custis According to the Returns made to the County _Cour_t of New Kent by Sworn appraisers whose Names are herunto annexÕd...York...Old Johny £15.; Ockney 40.; Joe 60.; Cupid 50.; young Ned 50.; Crispin 40.; Peter 40.; Danl Twine 10.; Ned 50.; Old Captain 15.; Isaac 50.; Old Jager 15.; Eugene 45.; Mill Betty 50.; Frank & Chd Judith 50.; Jack 35.; Ockney 23.; Moll & Chd Brunswk 50.; Fanny 40.; Dinah & Chd Jenny 50.; Beck 50.; Cornelia 40.; Arber 15.; Patt 15.; Evelin 15.; Sall 16.; Moll 50.; Pegg 50.; Caesar 25.; Lucy 15.; Amey 10.; Roger 35.; Arlington 35.; Grace 40.; Old Chance 20.; Orange 40.; Miller Jemmy 60.; Jupiter 50.; Tobey 40.; Sam 50.; York 50.; Muccon 50.; Peter 70.; Will 50.; Bachus 40.; Be_illegible_ 50.; Ph_illegible_ 40.; Arlington 5.; Alice 40.; Hannah 40.; Tom 20.; Lydia 26.; Grace & Chd 50.; Old Nanny 25.; Betty 40.; Eulin & Chd Phil 50.; Acre 40.; Hannah 25.; Sukey 25.; Doll 15.; Alice 16.; Daphne & Chd Jemy 55.; Pegg 25.; Danl 20.; Nelly 15.; George 30.; Betty 35.; Daphne 25.; Fabbey 45.; Ned 35.,1758,,,1750-1759,York,York County,D,,,Lucy,Lucy,,,,,,,,,,,,,,,1,,,15,0,0,,Enslaved,,,Custis Estate,,,,,,,,,,FALSE,FALSE,
29809,"Combined County Inventory of Slaves & Personal Property in the Custis Estate, 1757-1758",Census,Slave Value,"The Appraisements of the Estate of Danl Parke Custis According to the Returns made to the County _Cour_t of New Kent by Sworn appraisers whose Names are herunto annexÕd   Estate in King Wm
[3 Feb. 1758] 
Wench Dyner 45.; ditto Patt 50.; ditto Kitt 35.; ditto Sarah 30.; ditto Rachel 35.; ditto Lucy 20.; ditto Nan 12.; ditto Milly 15.; [woman] Frank 10.; ditto George 20.; ditto _illegible_ 55.; ditto Pa_rros_ 65.; ditto Guy 50.; ditto Sam 40.; ditto Mar_lbor_ough 45.; ditto Solomon 65.; ditto Hector _50_.; ditto David 60.; ditto Will 45.; ditto Sue 45.",1758,February,03,1750-1759,Estate in King Wm,King William,D,,,Lucy,Lucy,,,,,,,Wench,,,,,,,,1,,,20,0,0,,Enslaved,,,Custis Estate,,,,,,,,,,FALSE,FALSE,
19742,"Assignment of the Widow's Dower, ca 1759",Slave Value,Census,"Negroes pr Appraisment ...
In New Kent 
[Column 1] Anthony £20 & wife Betty 25 £55, Will 40, George 40 }, Doll 30 }, Lucy 25 }, Peter 20 }, Alce 12 }, } Dolls Childn  [Colulmn 2] <illegible> 15,  Phillis 50, Duke 40, Scomberg 30, Prince 10 É £ 367",1759,October,,1750-1759,,New Kent County,D,,,Lucy,Lucy,,,,,,,,,,,Laborer,I,,,1,,,25,0,0,,Enslaved,,,Custis Estate (Martha),,,,,,,,,Doll A,FALSE,FALSE,
21448,"Assignment of the Widow's Dower, ca 1759",Slave Value,Census,"Negroes pr AppraismentÉin King William ... [column 1] George 2[0], Stephen 6<illegible>, David 60, Guy 50, Marlborough 45, Sam 40, Parros 65, Hector 50, Solomon 65, will 45, Sarah 30, ...  [column 2]  Sew 45, Patt 50, Rachel 35, Crayger 25, Kitt a girl 35, George 35, Bi<1> 25, Lucy 20, <Frank> 10, Na<n> 15,<illegible> 15É",1759,October,,1750-1759,K. William,Claiborne's Plantation,I,,,Lucy,Lucy,,,,,,,,,,,Laborer,I,,,1,,,20,0,0,,Enslaved,,,Custis Estate (Martha),,,,,,,,,,FALSE,FALSE,
6703,"Diary Entry, 4 February 1760",Health,Illness,Visited my Plantations and found two Negroes Sick at WilliamsonÕs Quarter viz. Greg and LucyÑorderd them to be Blooded.,1760,February,4,1760-1769,Williamson's Quarter,Williamson's Plantation,D,,,Lucy,Lucy,,,,,,Sick - blooded,,,,,,,,,1,,,,,,,Enslaved,,,,,,,,,,,,,FALSE,FALSE,
6705,"Diary Entry, 5 February 1760",Health,Illness,Visited my Plantation ... Greg and Lucy nothing better.,1760,February,5,1760-1769,,Williamson's Plantation,I,,,Lucy,Lucy,,,,,,Sick,,,,,,,,,1,,,,,,,Enslaved,,,,,,,,,,,,,FALSE,FALSE,
29129,"Diary Entry, 8 February 1760",Health,Illness/Relocation,Rode to my Plantatns. and orderd Lucy down to H[ome] House to be Physickd.,1760,February,08,1760-1769,H[ome] House,Mansion House,D,,,Lucy,Lucy,,,,,,Physicked,,,,,,,,,1,,,,,,,Enslaved,,,,,,,,Mansion House,,,,,FALSE,FALSE,
16296,"Memorandum List of Tithables, 1761",Census,Tithable,"A List of Tithables in Fairfax County given in June 4th 1761

George Washington

É Do: Run Plann: ..., Peros, Jack, C¾sar, Cupid, Betty, Sarah, Sue, Lucy. É",1761,June,04,1760-1769,Do:Run Plann,Dogue Run,D,,,Lucy,Lucy,,,,,,,,,,,Laborer,I,,,1,,,,,,,Enslaved,,,,,,,,,,,,,FALSE,FALSE,
15856,"Memorandum List of Tithables, 1762",Census,Tithable,"A List of Tythables in Fairfax CountyÑgiven into Captn Daniel McCartyÑJune 9th 1762Ñviz.

George Washington

... Dogue Run: ... Peros, Will, C¾sar, Troy, Stafford, Betty, Sarah, Sue, Lucy.   É",1762,June,19,1760-1769,Dogue Run,Dogue Run,D,,,Lucy,Lucy,,,,,,,,,,,Laborer,I,,,1,,,,,,,Enslaved,,,,,,,,,,,,,FALSE,FALSE,
14160,"Memorandum List of Tithables, 1763",Census,Tithable,"A List of Lands entered agreable to Act of Assembly made in November 1762 and given in with the List of Tythables in Fairfax Cty 10th June 1763 to Collo. Jno. Carlyle

George Washington

... Doegs Run: ... Peros, Will, London, C¾sar, Stafford, Essex, Orford, Betty, Sue, Flora, Lucy, Jone, Moll.  É",1763,June,10,1760-1769,Doegs Run,Dogue Run,D,,,Lucy,Lucy,,,,,,,,,,,Laborer,I,,,1,,,,,,,Enslaved,,,,,,,,,,,,,FALSE,FALSE,
14084,"Memorandum List of Tithables, 1764",Census,Tithable,"A List of Tythables in Truro ParishÑFairfax CountyÑalso of Wheel CarriagesÑgiven in June 17th 1764.

George Washington

...Doeg Run: ... Peros, Will, London, Stafford, Essex, Orford, Betty, Sue, Flora, Lucy, Jone, MollÉ.",1764,June,17,1760-1769,Doeg Run,Dogue Run,D,,,Lucy,Lucy,,,,,,,,,,,Laborer,I,,,1,,,,,,,Enslaved,,,,,,,,,,,,,FALSE,FALSE,
13548,"Memorandum List of Tithables, 1765",Census,Tithable,"A List of Tythables in Truro ParishÑFairfax CountyÑals[o] of Wheel CarriagesÑgiven in July 2d 1765

George Washington

...  Mill Plantn: John Alton, Ned, Davy, Robin, Judah, Kit, Lucy. É",1765,July,02,1760-1769,Mill Plantn,Mill Complex,D,,,Lucy,Lucy,,,,,,,,,,,Laborer,I,,,1,,,,,,,Enslaved,,,,,,,,,,,,,FALSE,FALSE,
13540,"Memorandum List of Tithables, 1765",Census,Tithable,"A List of Tythables in Truro ParishÑFairfax CountyÑals[o] of Wheel CarriagesÑgiven in July 2d 1765

George Washington

...  Doeg Run P.: Jas Devenport, Mat, London, Stafford, Essex, Orford, Robin, [377] Betty, Sue, Flora, Lucy, Jone, Moll.  É",1765,July,02,1760-1769,Doeg Run,Dogue Run,D,,,Lucy,Lucy,,,,,,,,,,,Laborer,I,,,1,,,,,,,Enslaved,,,,,,,,,,,,,FALSE,FALSE,
13470,"Memorandum List of Tithables, 1766",Census,Tithable,"A List of Tythables in Truro ParishÑFairfax CountyÑalso of Wheel CarriagesÑgiven in June 16 1766.

George Washington

... Mill Plantn: Jno. Alton, Ned, Davy, Robin, Judy, Kitt, Lucy. É",1766,June,16,1760-1769,Mill Plantn,Mill Complex,D,,,Lucy,Lucy,,,,,,,,,,,Laborer,I,,,1,,,,,,,Enslaved,,,,,,,,,,,,,FALSE,FALSE,
13437,"Memorandum List of Tithables, 1766",Census,Tithable,"A List of Tythables in Truro ParishÑFairfax CountyÑalso of Wheel CarriagesÑgiven in June 16 1766.

George Washington

...Doeg Run: Morris, Mat, Essex, Stafford, Robin, Orford, Bob, Paul, Hannah, Betty, Sue, Lucy, Flora, Jone, Moll. É",1766,June,16,1760-1769,Doeg Run,Dogue Run,D,,,Lucy,Lucy,,,,,,,,,,,Laborer,I,,,1,,,,,,,Enslaved,,,,,,,,,,,,,FALSE,FALSE,
13321,"Memorandum List of Tithables, 1767",Census,Tithable,"A List of Tithables in Truro ParishÑFairfax CountyÑAlso of Wheel CarriagesÑgiven in June 15th 1767.

George Washington

.. Mill Plantn: John Alton, Davy, Ned, Robin, Judy, Kitt, Lucy. Miller: GeorgeÉ.",1767,June,15,1760-1769,Mill Plantn,Mill Complex,D,,,Lucy,Lucy,,,,,,,,,,,Laborer,I,,,1,,,,,,,Enslaved,,,,,,,,,,,,,FALSE,FALSE,
12628,"Memorandum List of Tithables, 1768",Census,Tithable,"A List of Tithables in Truro ParishÑFairfaxÑAlso of the Wheel CarriagesÑgiven in June 20: 1768

George Washington

...Mill Plantn: Jno. Alton, Davy, Ned, Robin, Judy, Lucy, Jenny. In allÑ70.",1768,June,20,1760-1769,Mill Plantn,Mill Complex,D,,,Lucy,Lucy,,,,,,,,,,,Laborer,I,,,1,,,,,,,Enslaved,,,,,,,,,,,,,FALSE,FALSE,
12544,"Memorandum List of Tithables, 1769",Census,Tithable,"A List of Tithables in Truro Parish & Fairfax County given in June 20th 1769.

George Washington

É Mill: John Alton, Davy, Ned, Robin, Judy, Lucy, Jenny, Sarah. É",1769,June,20,1760-1769,Mill,Mill Complex,D,,,Lucy,Lucy,,,,,,,,,,,Laborer,I,,,1,,,,,,,Enslaved,,,,,,,,,,,,,FALSE,FALSE,
12565,"Memorandum List of Tithables, 1769",Census,Tithable,"List of Tithables in Fairfax Parish 20 June 1769.

James Cleveland

Frederick, Ben, Natt, Will, Neptune, Abram, George, Walley, Schomberg, Ruth, Peg, Murria, Doll, Cloe, Nan, Daphne, Judy, Milly, Lucy.",1769,June,20,1760-1769,,River Farm,I,,,Lucy,Lucy,,,,,,,,,,,Laborer,I,,,1,,,,,,,Enslaved,,,,,,,,,,,,,FALSE,FALSE,
11811,"Memorandum List of Tithables, 1770",Census,Tithable,"A List of Tithables in Truro Parish Fairfax CountyÑgiven in July 16th 1770.

George Washington, Lund Washington É Doeg run Pl.: Morris, Matt, Bath, Jupiter, Robin, Bob, Paul, Hannah, Sue, Betty, Jone, Moll, Lucy. É",1770,July,16,1770-1779,Doeg run Pl.,Dogue Run,D,,,Lucy,Lucy,,,,,,,,,,,Laborer,I,,,1,,,,,,,Enslaved,,,,,,,,,,,,,FALSE,FALSE,
11817,"Memorandum List of Tithables, 1770",Census,Tithable,"A List of Tithables in Truro Parish Fairfax CountyÑgiven in July 16th 1770.

George Washington, Lund Washington ÉMill Plann: Davy, Ned, Robin, Judy, Lucy, Jenny.É",1770,July,16,1770-1779,Mill Plann:,Mill Complex,D,,,Lucy,Lucy,,,,,,,,,,,Laborer,I,,,1,,,,,,,Enslaved,,,,,,,,,,,,,FALSE,FALSE,
1581,"Letter from Joseph Valentine, 21 November 1770",Reassignment,Relocation,I this day set off Mr Guys Vessell with your negros she did not get hear So soon ass I Expected them by their Letter by ten days they tel me they ware drove to Norfolk a Coming over the Bay they Bring you ... Sam Kitt Cupit parros Ceaser moll Bettey ha_nna_h Lucey moll dafney doll Brumswick & Jamy fanney old Brumswick _& alce_ 16 & 6 Children poll Billey Suckey _Cloe_ Rachal & Janey 22 in all,1770,November,21,1770-1779,,Mount Vernon,I,,,Lucey,Lucy,,,,,,,,,,,,,,,1,,,,,,,Enslaved,,,Custis Estate,,,,New Kent County,Mount Vernon,No,,,,FALSE,FALSE,Migration - NKC to MV (1770)
10774,"Memorandum List of Tithables, 1771",Census,Tithable,"A List of TythablesÑin Truro ParishÑFairfax CountyÑgiven in 14th June 1771.

George Washington, Lund Washington ..[Ferry farm] Michael, Harry, C¾sar, Sam, Cupid, Moll, Lucy, Betty, Doll, Daphne, Hannah, Lucy  É",1771,June,14,1770-1779,,Ferry Plantation,I,,,Lucy,Lucy,,,,,,,,,,,Laborer,I,,,1,,,,,,,Enslaved,,,,,,,,,,,,,FALSE,FALSE,
10799,"Memorandum List of Tithables, 1771",Census,Tithable,"A List of TythablesÑin Truro ParishÑFairfax CountyÑgiven in 14th June 1771.

George Washington, Lund Washington ..[Dogue Run] Morris, Matt, Bath, Jupiter, Robin, Bob, Paul, Walley, Hannah, Sue, Betty, Jone, Moll, Lucy É",1771,June,14,1770-1779,,Dogue Run,I,,,Lucy,Lucy,,,,,,,,,,,Laborer,I,,,1,,,,,,,Enslaved,,,,,,,,,,,,,FALSE,FALSE,
10766,"Memorandum List of Tithables, 1771",Census,Tithable,"A List of TythablesÑin Truro ParishÑFairfax CountyÑgiven in 14th June 1771.

George Washington, Lund Washington ..[Ferry farm] Michael, Harry, C¾sar, Sam, Cupid, Moll, Lucy, Betty, Doll, Daphne, Hannah, Lucy  É",1771,June,14,1770-1779,,Ferry Plantation,I,,,Lucy,Lucy,,,,,,,,,,,Laborer,I,,,1,,,,,,,Enslaved,,,,,,,,,,,,,FALSE,FALSE,
26803,"List of Slaves Belonging to George Washington & John Parke Custis, December 1771",Census,,"An Inventory of the NegroÕs belonging to G. Washington & J. P. Custis As given in by the respective Overseers after the death of Mr Joseph Valentine in the Month of Decr 1771ÉNew Kent CountyÉnan 65, Mi<me> 44, Old <Jude> 44, Jenny 38, Bella 36, Nell 28, Beck 27, Am<y> 27, Nan 24, A<avove> 20, Little Nan 16, Mill<ie> 15, Little Dinah 14, Sall 14, Nan 10, Elly 9, Rose 6, Moll<y> 4, <Betty> 4, <Ally> 3, M<olly> 3, <lucy> 2, Little <Jenny> 2, Little <Beck> 3M., Little Jude 1M. É",1771,December,,1770-1779,Rockahock,Rockahock,D,,,<Lucy>,Lucy,,1769,,2,Years,,,,,,,,,,1,,,,,,,Enslaved,,,Custis Estate,,,,,,,,,,FALSE,FALSE,
26118,"List of Slaves Belonging to George Washington & John Parke Custis, December 1771",Census,,"An inventory of the Negro's belonging to G. Washington & J.P. Custis As given in by the respective Overseers after the death of Mr Joseph Valentine in the Month of Decr 1771 ÉFemale Acka 30, <Tab> 50, Cor<nelia> 30, <N>anny 85,  Grace 55, Alice 25, Hannah 22, <Sal> 20, <B>eck 20, <mutilated>tt 19, <mutilated> 18, N<ell> 18, Amey 15, <Je>nny 15, S<oock> 13, <Lucy> 7, Gals K>itt 7, <R>ose 6, M<oll> 2MthsÉ",1771,December,,1770-1779,Mill Quarter &ca,Mill Quarter,D,,,<Lucy>,Lucy,,1764,,7,Years,,,,,,,,,,1,,,,,,,Enslaved,,,Custis Estate,,,,,,,,,,FALSE,FALSE,
10002,"Memorandum List of Tithables, 1772",Census,Tithable,"A List of TythablesÑin Truro Parish Fairfax CountyÑJune 10 1772.

Geo: Washington, Lund Washington
 ...[Dogue Run] Morris, Matt, Bath, Jupiter, Robin, Bob, Walley, Hannah, Sue, [55] Betty, Jone, Moll, Lucy. É",1772,June,10,1770-1779,,Dogue Run,I,,,Lucy,Lucy,,,,,,,,,,,Laborer,I,,,1,,,,,,,Enslaved,,,,,,,,,,,,,FALSE,FALSE,
9429,"Memorandum List of Tithables, 1772",Census,Tithable,"A List of TythablesÑin Truro Parish Fairfax CountyÑJune 10 1772.

Geo: Washington, Lund Washington

... [Ferry farm] Michael, Harry, C¾sar, Sam, Cupid, Jack, Peter, Moll, Lucy, Betty, Doll, Daphne, Hannah, Lucy. É",1772,June,10,1770-1779,,Ferry Plantation,I,,,Lucy,Lucy,,,,,,,,,,,Laborer,I,,,1,,,,,,,Enslaved,,,,,,,,,,,,,FALSE,FALSE,
9420,"Memorandum List of Tithables, 1772",Census,Tithable,"A List of TythablesÑin Truro Parish Fairfax CountyÑJune 10 1772.

Geo: Washington, Lund Washington

... [Ferry farm] Michael, Harry, C¾sar, Sam, Cupid, Jack, Peter, Moll, Lucy, Betty, Doll, Daphne, Hannah, Lucy. É",1772,June,10,1770-1779,,Ferry Plantation,I,,,Lucy,Lucy,,,,,,,,,,,Laborer,I,,,1,,,,,,,Enslaved,,,,,,,,,,,,,FALSE,FALSE,
9035,"Memorandum List of Tithables, 1773",Census,Tithable,"A List of TithablesÑinÑTruro Parish Fairfax CountyÑ9th June 1773.

Geo: Washington, Lund Washington
... [House servants] Breechy, Will, Frank, Giles, Herculas, Doll, Jenny, Betty, Moll, Sall, Alice, Lucy, Sarah, Alice...",1773,June,09,1770-1779,,Mansion House,I,,,Lucy,Lucy,,,,,,,,,,,House Servant,I,,,1,,,,,,,Enslaved,,,,,,,,,,,,,FALSE,FALSE,
9960,"Memorandum List of Tithables, 1773",Census,Tithable,"A List of TithablesÑinÑTruro Parish Fairfax CountyÑ9th June 1773.

Geo: Washington, Lund Washington... [Dogue Run] Morris, Matt, Bath, Robin, Bob, Morris, Hannah, Sue, Betty, Lucy. ...",1773,June,09,1770-1779,,Dogue Run,I,,,Lucy,Lucy,,,,,,,,,,,Laborer,I,,,1,,,,,,,Enslaved,,,,,,,,,,,,,FALSE,FALSE,
9094,"Memorandum List of Tithables, 1773",Census,Tithable,"A List of TithablesÑinÑTruro Parish Fairfax CountyÑ9th June 1773.

Geo: Washington, Lund Washington
É[Ferry farm] Michael, C¾sar, Sam, Cupid, Peter, Moll, Lucy, Betty, Doll, Daphne. [Mill farm] Davy, Sam, Ben, Moll, Jenny, Moll, PriscillaÉ",1773,June,09,1770-1779,,Ferry Plantation,I,,,Lucy,Lucy,,,,,,,,,,,Laborer,I,,,1,,,,,,,Enslaved,,,,,,,,,,,,,FALSE,FALSE,
8626,"Memorandum List of Tithables, 1774",Census,Tithable,"A List of TithablesÑin Truro Parish Fairfax CountyÑJuly 1774.

George Washington, Jno. Parke Custis, Lund Washington

.... [Ferry farm] Jesse Brummit, C¾sar, Sam, Ned, Cupid, Peter, Moll, Lucy, Betty, Doll, Daphne, LucyÉ",1774,July,,1770-1779,,Ferry Plantation,I,,,Lucy,Lucy,,,,,,,,,,,Laborer,I,,,1,,,,,,,Enslaved,,,,,,,,,,,,,FALSE,FALSE,
8897,"Memorandum List of Tithables, 1774",Census,Tithable,"A List of TithablesÑin Truro Parish Fairfax CountyÑJuly 1774.

George Washington, Jno. Parke Custis, Lund Washington

...[Dogue Run] Morris, Dick, Matt, Jack, Robin, Bob, Morris, Hannah, Sue, Betty, Jone, Moll, Lucy...",1774,July,,1770-1779,,Dogue Run,I,,,Lucy,Lucy,,,,,,,,,,,Laborer,I,,,1,,,,,,,Enslaved,,,,,,,,,,,,,FALSE,FALSE,
8627,"Memorandum List of Tithables, 1774",Census,Tithable,"A List of TithablesÑin Truro Parish Fairfax CountyÑJuly 1774.

George Washington, Jno. Parke Custis, Lund Washington

.... [Ferry farm] Jesse Brummit, C¾sar, Sam, Ned, Cupid, Peter, Moll, Lucy, Betty, Doll, Daphne, LucyÉ",1774,July,,1770-1779,,Ferry Plantation,I,,,Lucy,Lucy,,,,,,,,,,,Laborer,I,,,1,,,,,,,Enslaved,,,,,,,,,,,,,FALSE,FALSE,
20637,"Manager Ledger (Lund Washington), 1772-1786",Provisions,,"To Do [Clothes] for women Betty, Lucy, Doll, Lucy, Molly a waistcoat Pettycoat, 2 shifts 1 p. Stockgs & 1 p. Shoes each",1774,August,29,1770-1779,Ferry Plantation,Ferry Plantation,D,,,Lucy,Lucy,,,,,,,,"Waistcoat, Petticoat (1), Shifts (2), Stockings (1), Shoes (1)",,,Cultivator of the Soil,I,,,1,,,,,,Dr,Enslaved,,,,Ferry Plantation for Workman's Wages & other Expences &ca.,,,,,,,,,FALSE,FALSE,
20638,"Manager Ledger (Lund Washington), 1772-1786",Provisions,,"To Do [Clothes] for women Betty, Lucy, Doll, Lucy, Molly a waistcoat Pettycoat, 2 shifts 1 p. Stockgs & 1 p. Shoes each",1774,August,29,1770-1779,Ferry Plantation,Ferry Plantation,D,,,Lucy,Lucy,,,,,,,,"Waistcoat, Petticoat (1), Shifts (2), Stockings (1), Shoes (1)",,,Cultivator of the Soil,I,,,1,,,,,,Dr,Enslaved,,,,Ferry Plantation for Workman's Wages & other Expences &ca.,,,,,,,,,FALSE,FALSE,
24892,"List of General WashingtonÕs negroes that went to the British, April 1781",Runaway,Relocation,"Peter Ð an Old man
Lewis Ð an Old man
Frank* - an Old man
Frederick* - A Man about 45 years Old Ð an Overseer and Valuable
Gunner* - A man about 45 years Old Ð valuable, a Brickmaker
Harry Ð A man about 40 years Old Ð valuable, a Horseler
Tom Ð A man about 20 years old, Stout & Healthy
Sambo* - A man about 20 years old, Stout & Healthy
Thomas* - A Lad about Ð 17 years Old Ð House Servant
Peter Ð A Lad about 15 years old Ð very likely
Strephon Ð A man about 20 years Old Ð a Cooper by trade
James Ð A man 25 years Old Ð stout & Healthy
Wally Ð a Man about 20 years Old Ð by trade a weaver
Daniel Ð a man about 19 years Old Ð very likely
Lucy* - a woman about 20 years Old
Esther* - a woman about 18 years Old
Deborah a Woman about 16 years Old

The above Slaves were taken from his Excellency General Washington by Captn Richd Graves in the Savage Sloop of War Ð in April 1781

Frederick* Frank, Gunner, Sambo
Thomas ^recovered in Philadelphia^ Lucy Ð Esther Ð were recovered after the siege of York.  The Genrl pd Salvage on Tom in Philadelphia but I cannot tell what it was.  I pd 12 Dollars expense on him from Philadelphia <É>",1781,April,,1780-1789,,York County,D,,,Lucy,Lucy,,1761,,20,Years,,,,Vessel,,,,,,1,,,,,,,Enslaved,,,,,,,,,,,,,FALSE,TRUE,Runaway - Aboard the HMS Savage (1781)
21819,"Manager Ledger (Lund Washington), 1772-1786",Health,Childbirth,To Mrs Bishop for Layg Lucy at the Ferry Leddy in the Neck and Myrtilla at H.H.    1..10..0,1782,October,04,1780-1789,the Ferry,Ferry Plantation,D,,,Lucy,Lucy,,,,,,Childbirth,,,,,,,,,1,,,,10,0,Dr,Enslaved,,,,Hard Money pd on Acct of Genrl Washington,,,,,,,,,FALSE,FALSE,Childbirth Lucy - Ferry (1782)
21866,"Manager Ledger (Lund Washington), 1772-1786",Health,Childbirth,"To Mrs Bishop for Diliverg Sarah of Md Hole Lucy of D. Run, Betty of the Ferry L. Alice H. House & Suky in the Neck    2..10..0",1783,August,06,1780-1789,D. Run,Dogue Run,D,,,Lucy,Lucy,,,,,,Childbirth,,,,,,,,,1,,,,10,0,Dr,Enslaved,,,,Cash pd on Acct of General Washington,,,,,,,,,FALSE,FALSE,Childbirth Lucy - Dogue Run (1783)
24317,"List of Taxable Property, Fairfax Parish, 1785",Census,Tithable,"A List of Genl Washingtons taxable property in Fairfax Parish March 17<85>ÉUnder 16 years oldÉFany, Cornelius, Billy, Ben, Joe, Moses, Ned, Peter, Daniel, Natt, Hugh, Rose, Synthia, Jenny, Betty, Lucy, Dorthy, Phebe, Daphne, Alice, DollÉ",1785,March,,1780-1789,Fairfax Parish,River Farm,I,,,Lucy,Lucy,,,,,,,Under 16,,,,,,,,1,,,,,,,Enslaved,,,,,,,,,,,,,FALSE,FALSE,
21934,"Manager Ledger (Lund Washington), 1772-1786",Health,Childbirth,"To Mrs Parker for diliverg Betty, Sall, Peg, & Lucy at D.R. Plantation    2..0..0",1785,April,25,1780-1789,D.R. Plantation,Dogue Run,D,,,Lucy,Lucy,,,,,,Childbirth,,,,,,,,,1,,,,10,0,Dr,Enslaved,,,,Cash pd on Acct of Genrl Washington,,,,,,,,,FALSE,FALSE,Childbirth Lucy - Dogue Run (1785)
21941,"Manager Ledger (Lund Washington), 1772-1786",Health,Childbirth,"To Mrs Parker for Diliverg Lucy & Betty @ the Ferry. Amy & Dorchus at M. Hole, and Charity and Silla @ Dogue Run @ 10/    3..0..0",1785,September,28,1780-1789,the Ferry,Ferry Plantation,D,,,Lucy,Lucy,,,,,,Childbirth,,,,,,,,,1,,,,10,0,Dr,Enslaved,,,,Cash pd on Acct of Genrl Washington,,,,,,,,,FALSE,FALSE,Childbirth Lucy - Ferry (1785)
1063,"Diary Entry, 18 February 1786",Census,,River Plantn. É Lucy Ditto [Daphne's] 4 do. [years old],1786,February,18,1780-1789,River Plantn,River Farm,D,,,Lucy,Lucy,,1782,,4,Years,,Child,,,,,,,,1,,,,,,,Enslaved,,,George Washington,,,,,,,,,Daphne C,FALSE,FALSE,
811,"Diary Entry, 18 February 1786",Census,,Home House. É * Lucy Ditto [Kitty's]  8 do. [years old],1786,February,18,1780-1789,Home House,Mansion House,D,,,Lucy,Lucy,,1778,,8,Years,,Child,,,,,,,,1,,,,,,,Enslaved,,,Custis Estate,,,,,,,Single,,Kitty A,FALSE,FALSE,
1787,"Diary Entry, 18 February 1786",Census,,Dogue Run - Plantn. É * Lucy } Labourg. Women,1786,February,18,1780-1789,Dogue Run - Plantn,Dogue Run,D,,,Lucy,Lucy,,,,,,,,,,,Laborer,D,,,1,,,,,,,Enslaved,,,Custis Estate,,,,,,,,,,FALSE,FALSE,
1821,"Diary Entry, 18 February 1786",Census,,Ferry - Plantn É *Lucy  } labourg. Women,1786,February,18,1780-1789,Ferry - Plantn,Ferry Plantation,D,,,Lucy,Lucy,,,,,,,,,,,Laborer,D,,,1,,,,,,,Enslaved,,,Custis Estate,,,,,,,,,,FALSE,FALSE,
1822,"Diary Entry, 18 February 1786",Census,,Ferry - Plantn É * Lucy } Labouring Women,1786,February,18,1780-1789,Ferry - Plantn,Ferry Plantation,D,,,Lucy,Lucy,,,,,,,,,,,Laborer,D,,,1,,,,,,,Enslaved,,,Custis Estate,,,,,,,,,,FALSE,FALSE,
17734,"List of Taxable Property in Truro Parish, 1788",Census,Tithable,"Blacks above 12 years of age ...  [column 5] Will, Paul, Abraham, Paschal, Rose, Sabeen, Lucy, Delia, Daphne, Grace, Tom undr 16, Moses Do [under 16], Issac Do [under 16], Sam Kit, London, Caesar, Cupid, Paul, Betty, Doll, Lucy, Lucy, Flora, Fanny, Rachael, Jenney, Edy, DaphneÉ",1788,April,,1780-1789,Truro Parish,Ferry Plantation,I,,,Lucy,Lucy,,,,,,,,,,,,,,,1,,,,,,,Enslaved,,,,,,,,,,,,,FALSE,FALSE,
17701,"List of Taxable Property in Truro Parish, 1788",Census,Tithable,"Blacks above 12 years of age  É [column 4] Peg, Sackey, Darcus, Amy, Nancy, Molly undr 16, Morris 1t, Robin, Adam, Jack 1t, Jack 2d, Dick, Ben, Matt, Morris 2d, Brunswick (past service), Hannah, Lucy, Moll, Jenny, Silla, Charity, Betty, Peg, Sall, Grace, Sue, Agga undr 16 É",1788,April,,1780-1789,Truro Parish,Dogue Run,I,,,Lucy,Lucy,,,,,,,,,,,,,,,1,,,,,,,Enslaved,,,,,,,,,,,,,FALSE,FALSE,
17733,"List of Taxable Property in Truro Parish, 1788",Census,Tithable,"Blacks above 12 years of age ...  [column 5] Will, Paul, Abraham, Paschal, Rose, Sabeen, Lucy, Delia, Daphne, Grace, Tom undr 16, Moses Do [under 16], Issac Do [under 16], Sam Kit, London, Caesar, Cupid, Paul, Betty, Doll, Lucy, Lucy, Flora, Fanny, Rachael, Jenney, Edy, DaphneÉ",1788,April,,1780-1789,Truro Parish,Ferry Plantation,I,,,Lucy,Lucy,,,,,,,,,,,,,,,1,,,,,,,Enslaved,,,,,,,,,,,,,FALSE,FALSE,
17719,"List of Taxable Property in Truro Parish, 1788",Census,Tithable,"Blacks above 12 years of age ...  [column 5] Will, Paul, Abraham, Paschal, Rose, Sabeen, Lucy, Delia, Daphne, Grace, Tom undr 16, Moses Do [under 16], Issac Do [under 16], Sam Kit, London, Caesar, Cupid, Paul, Betty, Doll, Lucy, Lucy, Flora, Fanny, Rachael, Jenney, Edy, DaphneÉ",1788,April,,1780-1789,Truro Parish,Ferry Plantation,I,,,Lucy,Lucy,,,,,,,,,,,,,,,1,,,,,,,Enslaved,,,,,,,,,,,,,FALSE,FALSE,
26978,"Farm Reports, 25 April 1789",Health,Illness,By Sickness Lucy 6 days,1789,April,25,1780-1789,,Ferry Plantation,I,,,Lucy,Lucy,,,,,,Sick,,,,,,,,,1,6,,,,,Cr,Enslaved,,,,,Ferry/Frenches,,,,,,,,FALSE,FALSE,
28394,"Farm Reports, 25 April 1789",Health,Illness,By Sickness Lucy 6 days,1789,April,25,1780-1789,,French's Plantation,I,,,Lucy,Lucy,,,,,,Sick,,,,,,,,,1,6,,,,,Cr,Enslaved,,,,,Ferry/Frenches,,,,,,,,FALSE,FALSE,
26461,"Farm Reports, 25 April 1789",Health,Illness,By Sickness É Lucy 4 do. [days],1789,April,25,1780-1789,,Dogue Run,I,,,Lucy,Lucy,,,,,,Sick,,,,,,,,,1,4,,,,,Cr,Enslaved,,,,,Dogue Run,,,,,,,,FALSE,FALSE,
28497,"Farm Reports, 22 August 1789",Health,Illness,By Sickness É Lucy 4 ditto [days],1789,August,22,1780-1789,,Ferry Plantation,I,,,Lucy,Lucy,,,,,,Sick,,,,,,,,,1,4,,,,,Cr,Enslaved,,,,,Ferry/Frenches,,,,,,,,FALSE,FALSE,
28470,"Farm Reports, 22 August 1789",Health,Illness,By sickness É Lucy 4 ditto [days],1789,August,22,1780-1789,,Dogue Run,I,,,Lucy,Lucy,,,,,,Sick,,,,,,,,,1,4,,,,,Cr,Enslaved,,,,,Dogue Run,,,,,,,,FALSE,FALSE,
28607,"Farm Reports, 12 December 1789",Textile Work,Illness,By Sickness É Lucy 6 [days],1789,December,12,1780-1789,,Ferry Plantation,I,,,Lucy,Lucy,,,,,,Sick,,,,,,,,,1,6,,,,,Cr,Enslaved,,,,,Ferry/Frenches,,,,,,,,FALSE,FALSE,
28605,"Farm Reports, 12 December 1789",Textile Work,Illness/Knitting,"By Lucy Confined to the House on acct [account] of her SwellÕd legg, & sowing [sewing] 6 [days]",1789,December,12,1780-1789,,Ferry Plantation,I,House,,Lucy,Lucy,,,,,,,Swollen leg,,,,Seamstress,D,,,1,6,,,,,Cr,Enslaved,,,,,Ferry/Frenches,,,,,,,,FALSE,FALSE,
28592,"Farm Reports, 12 December 1789",Health,Childbirth,By Sickness Lucy in Child bed 6 days,1789,December,12,1780-1789,,Dogue Run,I,,,Lucy,Lucy,December,1789,Dogue Run,,,Childbirth,,,,,,,,,1,6,,,,,Cr,Enslaved,,,,,Dogue Run,,,,,,,,FALSE,FALSE,Childbirth Lucy - Dogue Run (1789)
26034,"Ledger B, 1772-1793",Health,Childbirth,By Mrs Darcus Parker pd her the Ball. of her acct £3.0.0 as stated in the Cash acct 15th Augt also £2.10.0 being in full of all demands for delivering the following Women - viz. - Caroline at Mansn House Lucy at Frenches Lucy at D: Rug Alice & Amy at My Hole    5..10..[0],1789,December,22,1780-1789,Frenches,French's Plantation,D,,,Lucy,Lucy,,,,,,Childbirth,,,,,,,,,1,,,,10,0,Cr,Enslaved,,,,Cash,,,,,,,,,FALSE,FALSE,Childbirth Lucy - French's (1789)
26036,"Ledger B, 1772-1793",Health,Childbirth,By Mrs Darcus Parker pd her the Ball. of her acct £3.0.0 as stated in the Cash acct 15th Augt also £2.10.0 being in full of all demands for delivering the following Women - viz. - Caroline at Mansn House Lucy at Frenches Lucy at D: Rug Alice & Amy at My Hole     5..10..[0],1789,December,22,1780-1789,Dogue Run,Dogue Run,D,,,Lucy,Lucy,,,,,,Childbirth,,,,,,,,,1,,,,10,0,Cr,Enslaved,,,,Cash,,,,,,,,,FALSE,FALSE,Childbirth Lucy - Dogue Run (1789)
27074,"Farm Reports, 6 March 1790",Health,Illness,By Sickness black Lucy 6 days & yellow Lucy 6 ditto [days],1790,March,06,1790-1799,,Ferry Plantation,I,,,Black Lucy,Lucy,,,,,,Sick,Black,,,,,,,,1,6,,,,,Cr,Enslaved,,,,,Ferry/Frenches,,,,,,,,FALSE,FALSE,
27075,"Farm Reports, 6 March 1790",Health,Illness,By Sickness black Lucy 6 days & yellow Lucy 6 ditto [days],1790,March,06,1790-1799,,Ferry Plantation,I,,,Yellow Lucy,Lucy,,,,,,Sick,Yellow,,,,,,,,1,6,,,,,Cr,Enslaved,,,,,Ferry/Frenches,,,,,,,,FALSE,FALSE,
28062,"Farm Reports, 13 March 1790",Health,Illness,By Sickness Lucy 6 days - Fanny 3 - Sam 3 Ð Daphney 5 - Grace 2 Lucy 6 & Sabina 2 ditto [days]  27 [days],1790,March,13,1790-1799,,Ferry Plantation,I,,,Lucy,Lucy,,,,,,Sick,,,,,,,,,1,6,,,,,Cr,Enslaved,,,,,Ferry/Frenches,,,,,,,,FALSE,FALSE,
28067,"Farm Reports, 13 March 1790",Health,Illness,By Sickness Lucy 6 days - Fanny 3 - Sam 3 Ð Daphney 5 - Grace 2 Lucy 6 & Sabina 2 ditto [days]  27 [days],1790,March,13,1790-1799,,Ferry Plantation,I,,,Lucy,Lucy,,,,,,Sick,,,,,,,,,1,6,,,,,Cr,Enslaved,,,,,Ferry/Frenches,,,,,,,,FALSE,FALSE,
28827,"Farm Reports, 4 December 1790",Health,Childbirth,By Sickness Sabeen 6 days - Daphny 6. Grace 6. Sam 4 Lucy in Chid bed 6,1790,December,04,1790-1799,,Ferry Plantation,I,,,Lucy,Lucy,,,,,,Childbirth,,,,,,,,,1,6,,,,,Cr,Enslaved,,,,,Ferry/Frenches,,,,,,,,FALSE,FALSE,Childbirth Lucy (1790)
26157,"Ledger B, 1772-1793",Health,Childbirth,By Mrs Darcus Parker pd her in full of all demands for delivering the following Women - Cornelia - Agnes - & Alice - at River Plantn - Doll - Fanny - Rachael - & Lucy - at the Ferry - Grace - Charity - Siller & Betty Davis - at Dogue Run - Molly - Peg & Nancy - at Muddy hole - Kitty & Alice - at the Mansn House in all 16 - @ 10/     8..[0]..[0],1790,December,23,1790-1799,the Ferry,Ferry Plantation,D,,,Lucy,Lucy,,,,,,Childbirth,,,,,,,,,1,,,,10,0,Cr,Enslaved,,,,Cash,,,,,,,,,FALSE,FALSE,Childbirth Lucy (1790)
26661,"Ledger B, 1772-1793",Payment to Slave,Provisions,By Lucy for 7 pullets    ..4..4d 1/2,1792,October,06,1790-1799,,Mount Vernon,I,,,Lucy,Lucy,,,,,,,,,,Chickens (7 pullets),,,,,1,,,,4,4 1/2,Cr,Enslaved,,,,Cash,,,,,,,,,FALSE,FALSE,
7579,"Letter to Anthony Whitting, 9 December 1792",Reassignment,Textile Work,"And can Lucy find sufficient employment in the Kitchen? It was expected her leizure hours, of which I conceive she must have very many from Cooking would be employed in KnittingÑof which both Peter & Sarah do too little.",1792,December,09,1790-1799,,Mansion House,I,Kitchen,,Lucy,Lucy,,,,,,,,,,,Cook,D,Knitter,D,1,,,,,,,Enslaved,,,,,,,,,,,,,FALSE,FALSE,
26674,"Ledger B, 1772-1793",Payment to Slave,Provisions,By pd Lucy for 9 chickens    ..11..6,1793,May,16,1790-1799,,Mount Vernon,I,,,Lucy,Lucy,,,,,,,,,,Chickens (9),,,,,1,,,,11,6,Cr,Enslaved,,,,Cash,,,,,,,,,FALSE,FALSE,
22606,"Letter to William Pearce, 23 December 1793",House Work,Cooking,"Éin that case as Lucy (the Cook) must get Victuals for him [Butler], it will make but little difference whether she gets for one or more [the young gardener].",1793,December,23,1790-1799,,,,,,Lucy,Lucy,,,,,,,,,,,Cook,D,,,1,,,,,,,Enslaved,,,,,,,,,,,,,FALSE,FALSE,
23327,"Farm Reports, 8 February 1794",Health,Illness,By Sickness frenchs Lucy 2 days abraham 1 day,1794,February,08,1790-1799,,Union Farm,I,,,frenchs Lucy,Lucy,,,,,,Sick,,,,,,,,,1,2,,,,,Cr,Enslaved,,,,,Union Farm,,,,,,,,FALSE,FALSE,
23388,"Farm Reports, 31 May 1794",Reassignment,Washing,By Sina & Lucy Stopd To assist In washing for Mrs Washington & to make Soap 10 d.,1794,May,31,1790-1799,,Mansion House,I,,,Lucy,Lucy,,,,,,,,,,,Laborer,I,,,1,5,,,,,Cr,Enslaved,,,,,Mansion House,,,,,,,,FALSE,FALSE,
23807,"Manager Ledger (William Pearce), 1794-1797",Payment to Slave,Provisions,By ditto [Cash] paid Dogue Run Lucy for Chickins by Mrs Washingtons order    0..9..0,1794,June,,1790-1799,Dogue Run,Dogue Run,D,,,Dogue Run Lucy,Lucy,,,,,,,,,,Chickens,,,,,1,,,,9,0,Cr,Enslaved,,,,Cash Paid,,,,,,,,,FALSE,FALSE,
24689,"Farm Reports, 30 August 1794",Health,Illness,old matt Sick 6 days young Boatsain 6 [days] Lucy 2 days,1794,August,30,1790-1799,,Dogue Run,I,,,Lucy,Lucy,,,,,,Sick,,,,,,,,,1,2,,,,,Cr,Enslaved,,,,,Dogue Run,,,,,,,,FALSE,FALSE,
25148,"Manager Ledger (William Pearce), 1794-1797",Provisions,,By 1 Ditto [pr Shoes] to Negro girl Lucy,1794,October,28,1790-1799,,Mount Vernon,D,,,Negro girl Lucy,Lucy,,,,,,,Girl,Shoes,,,,,,,1,,,,,,Cr,Enslaved,,,,Shoe Maker William,,,,,,,,,FALSE,FALSE,
6737,"Letter to William Pearce, 28 December 1794",Reassignment,Textile Work,"Nor ought Lucy to be idle when she is not Cooking and doing other work about the house. In spinning, knitting and such like things her leizure bourse ought to be employed.",1794,December,28,1790-1799,,Mansion House,I,,,Lucy,Lucy,,,,,,,,,,,Cook,D,Spinner,D,1,,,,,,,Enslaved,,,,,,,,,,,,,FALSE,FALSE,
23823,"Manager Ledger (William Pearce), 1794-1797",Payment to Slave,Provisions,[By] ditto [Cash] paid Dogue Run Lucy for Eggs     0..1..6,1795,April,25,1790-1799,Dogue Run,Dogue Run,D,,,Dogue Run Lucy,Lucy,,,,,,,,,,Eggs,,,,,1,,,,1,6,Cr,Enslaved,,,,Cash Paid,,,,,,,,,FALSE,FALSE,
29514,"Manager Ledger (William Pearce), 1794-1797",Comment,,[By] 50 ditto [10d Nails] to Do [Isaac] to make a Coffin for Lucys boy Dannel,1795,May,11,1790-1799,,Mount Vernon,I,,,Lucy,Lucy,,,,,,,,,,,,,,,1,,,,,,Cr,Enslaved,,,,Store Account,,,,,,,,,FALSE,FALSE,Death - Daniel (1795)
20932,"Farm Reports, 5 December 1795",Health,Illness,By Sickness Tom 6 days Cupit 6 days London 6 Oald Lucy 6 days Sam kit 4 days Oald Betty 6 days,1795,December,05,1790-1799,,Union Farm,I,,,Oald Lucy,Lucy,,,,,,Sick,,,,,,,,,1,6,,,,,Cr,Enslaved,,,,,Union Farm,,,,,,,,FALSE,FALSE,
21084,"Farm Reports, 5 December 1795",Health,Illness,By Grace nursing Lucy 2 D. [days],1795,December,05,1790-1799,,Union Farm,I,,,Lucy,Lucy,,,,,,Sick,,,,,,,,,1,,2,,,,Cr,Enslaved,,,,,Union Farm,,,,,,,,FALSE,FALSE,Nursing Lucy (1795)
28168,"Letter from William Pearce, 6 December 1795",Health,Illness,The people that have been sick are most of them better but I Expected we should have Lost some of them.  Cyrus and some of frenchs people were at the very point of death Ð the Boy Jacob who waits In the house Ð Is still very Ill with a Nervous fever Ð tho I hope he is Better than he has been Ð Frenches Lucy Is not out of danger.,1795,December,06,1790-1799,,Mount Vernon,I,,,Frenches Lucy,Lucy,,,,,,Sick,,,,,,,,,1,,,,,,,Enslaved,,,Penelope French,,,,,,,,,,FALSE,FALSE,
21194,"Farm Reports, 12 December 1795",Health,Illness,By Sickness Oald Lucy 6 days Cupit 6 [days] Betty 6 [days] Daphney 4 days,1795,December,12,1790-1799,,Union Farm,I,,,Oald Lucy,Lucy,,,,,,Sick,,,,,,,,,1,6,,,,,Cr,Enslaved,,,,,Union Farm,,,,,,,,FALSE,FALSE,
21199,"Farm Reports, 12 December 1795",Reassignment,,By Grace nurseing <illegible> [for] Oald Lucy 6 days,1795,December,12,1790-1799,,Union Farm,I,,,Oald Lucy,Lucy,,,,,,,,,,,,,,,1,,,,,,Cr,Enslaved,,,,,Union Farm,,,,,,,,FALSE,FALSE,
21340,"Farm Reports, 19 December 1795",Health,Illness,By Sickness Oald Betty 4 days Pat 5 days Lucy 6 days,1795,December,19,1790-1799,,Union Farm,I,,,Lucy,Lucy,,,,,,Sick,,,,,,,,,1,6,,,,,Cr,Enslaved,,,,,Union Farm,,,,,,,,FALSE,FALSE,
18100,"Farm Reports, 16 January 1796",Health,Illness,By Sickness Lucy 4 Days,1796,January,16,1790-1799,,Union Farm,I,,,Lucy,Lucy,,,,,,Sick,,,,,,,,,1,,4,,,,Cr,Enslaved,,,,,Union Farm,,,,,,,,FALSE,FALSE,
19616,"Farm Reports, 30 July 1796",Health,Illness,By Sickness Lucy 3 days,1796,July,30,1790-1799,,Dogue Run,I,,,Lucy,Lucy,,,,,,Sick,,,,,,,,,1,3,,,,,Cr,Enslaved,,,,,Dogue Run,,,,,,,,FALSE,FALSE,
19607,"Farm Reports, 30 July 1796",Health,Illness,By Sickness...Lucy 6 days,1796,July,30,1790-1799,,Union Farm,I,,,Lucy,Lucy,,,,,,Sick,,,,,,,,,1,6,,,,,Cr,Enslaved,,,,,Union Farm,,,,,,,,FALSE,FALSE,
20138,"Farm Reports, 22 October 1796",Textile Work,Knitting,By Lucy Knitting 1 pear of Stocking 6 [Days],1796,October,22,1790-1799,,Mansion House,I,,,Lucy,Lucy,,,,,,,,Stockings (1 pair),,,Knitter,D,,,1,,6,,,,Cr,Enslaved,,,,,Spinners/Knitters/Sewers,,,,,,,,FALSE,FALSE,
19735,"Farm Reports, 22 October 1796",Health,Illness,By sickness...Lucy 4 Ds [Days],1796,October,22,1790-1799,,Dogue Run,I,,,Lucy,Lucy,,,,,,Sick,,,,,,,,,1,4,,,,,Cr,Enslaved,,,,,Dogue Run,,,,,,,,FALSE,FALSE,
20557,"Farm Reports, 12 November 1796",Textile Work,Knitting,By Lucy Knitting 1 pear of stocking 6 [days],1796,November,12,1790-1799,,Mansion House,I,,,Lucy,Lucy,,,,,,,,Stockings (1 pair),,,Knitter,D,,,1,,6,,,,Cr,Enslaved,,,,,Spinners/Knitters/Sewers,,,,,,,,FALSE,FALSE,
20851,"Farm Reports, 19 November 1796",Textile Work,Knitting,By Lucy Knitting 1 pear of Stocking 6 [days],1796,November,19,1790-1799,,Mansion House,I,,,Lucy,Lucy,,,,,,,,Stockings (1 pair),,,Knitter,D,,,1,,6,,,,Cr,Enslaved,,,,,Spinners/Knitters/Sewers,,,,,,,,FALSE,FALSE,
21336,"Farm Reports, 19 December 1795",Health,Illness,By Grace Nurseing  Lucy 3 days,1796,December,19,1790-1799,,Union Farm,I,,,Lucy,Lucy,,,,,,Sick,,,,,,,,,1,3,,,,,Cr,Enslaved,,,,,Union Farm,,,,,,,,FALSE,FALSE,Nursing Lucy (1795)
10531,"Farm Reports, 14 January 1797",Textile Work,Knitting,Lucy knitting one pr [pair] Stockings & Charlotte 2 pr [pairs]  12 [days],1797,January,14,1790-1799,,Mansion House,I,,,Lucy,Lucy,,,,,,,,Stockings (1 pair),,,Knitter,D,,,1,6,,,,,Cr,Enslaved,,,,,Spinners/Knitters/Sewers,,,,,,,,FALSE,FALSE,
11695,"Farm Reports, 20 January 1797",Textile Work,Knitting,Lucy Do [Knitting] 1 pair of Do [stockings] 6 [days],1797,January,21,1790-1799,,Mansion House,I,,,Lucy,Lucy,,,,,,,,Stockings (1 pair),,,Knitter,D,,,1,,6,,,,Cr,Enslaved,,,,,Spinners/Knitters/Sewers,,,,,,,,FALSE,FALSE,
12326,"Farm Reports, 28 January 1797",Textile Work,Spinning,Lucy one pr Do [knitting] [Stockings]  6 [days],1797,January,28,1790-1799,,Mansion House,I,,,Lucy,Lucy,,,,,,,,,Stockings,,Knitter,D,,,1,6,,,,,Cr,Enslaved,,,,,Spinners/Knitters/Sewers,,,,,,,,FALSE,FALSE,
12261,"Farm Reports, 28 January 1797",Health,Illness,Sickness  Lucy 4 days,1797,January,28,1790-1799,,,,,,Lucy,Lucy,,,,,,Sick,,,,,,,,,1,4,,,,,Cr,Enslaved,,,,,,,,,,,,,FALSE,FALSE,
13109,"Farm Reports, 4 February 1797",Textile Work,Knitting,Lucy Knitting one pr [pair] of stockings 6 [days],1797,February,04,1790-1799,,Mansion House,I,,,Lucy,Lucy,,,,,,,,Stockings (1 pair),,,Knitter,D,,,1,,6,,,,Cr,Enslaved,,,,,Spinners/Knitters/Sewers,,,,,,,,FALSE,FALSE,
13878,"Farm Reports, 11 February 1797",Textile Work,Knitting,Lucy Knitting one pr Stockings 6 [days],1797,February,11,1790-1799,,Mansion House,I,,,Lucy,Lucy,,,,,,,,Stockings (1 pair),,,Knitter,D,,,1,6,,,,,Cr,Enslaved,,,,,Spinners/Knitters/Sewers,,,,,,,,FALSE,FALSE,
13916,"Farm Reports, 18 February 1797",Health,Illness,Sick Lucey 3 [days],1797,February,18,1790-1799,,Mansion House,I,,,Lucey,Lucy,,,,,,Sick,,,,,,,,,1,3,,,,,Cr,Enslaved,,,,,Mansion House,,,,,,,,FALSE,FALSE,
14798,"Farm Reports, 18 February 1797",Textile Work,Knitting,"Lucey Knitting 1 pr [pair] Stockings	 6 [days]",1797,February,18,1790-1799,,Mansion House,I,,,Lucey,Lucy,,,,,,,,Stockings (1 pair),,,Knitter,D,,,1,6,,,,,Cr,Enslaved,,,,,Spinners/Knitters/Sewers,,,,,,,,FALSE,FALSE,
15113,"Farm Reports, 25 February 1797",Textile Work,Knitting,Lucy Knitting 1 pair do [Stockings]  6 [days],1797,February,25,1790-1799,,Mansion House,I,,,Lucy,Lucy,,,,,,,,Stockings (1 pair),,,Knitter,D,,,1,,6,,,,Cr,Enslaved,,,,,Spinners/Knitters/Sewers,,,,,,,,FALSE,FALSE,
15330,"Farm Reports, 4 March 1797",Textile Work,Knitting,Lucey Knitting 1 pair Stockings 6 [days],1797,March,04,1790-1799,,Mansion House,I,,,Lucey,Lucy,,,,,,,,Stockings (1 pair),,,Knitter,D,,,1,6,,,,,Cr,Enslaved,,,,,Spinners/Knitters/Sewers,,,,,,,,FALSE,FALSE,
15720,"Farm Reports, 11 March 1797",Textile Work,Knitting,By Lucy do [Knitting] 1 pear of do [Stocking] 6 [days],1797,March,11,1790-1799,,Mansion House,I,,,Lucy,Lucy,,,,,,,,Stockings (1 pair),,,Knitter,D,,,1,6,,,,,Cr,Enslaved,,,,,Spinners/Knitters/Sewers,,,,,,,,FALSE,FALSE,
15933,"Farm Reports, 18 March 1797",Textile Work,Knitting,By Lucy do [Knitting] 1 pear [pair]of do [Stocking] 6 [days],1797,March,18,1790-1799,,Mansion House,I,,,Lucy,Lucy,,,,,,,,Stockings (1 pair),,,Knitter,D,,,1,6,,,,,Cr,Enslaved,,,,,Spinners/Knitters/Sewers,,,,,,,,FALSE,FALSE,
16117,"Farm Reports, 25 March 1797",Textile Work,Knitting,Lucy Knitting one pr Do [Stockings] 6  [days],1797,March,25,1790-1799,,Mansion House,I,,Woods,Lucy,Lucy,,,,,,,,Stockings (1 pair),,,Knitter,D,,,1,6,,,,,Cr,Enslaved,,,,,Spinners/Knitters/Sewers,,,,,,,,FALSE,FALSE,
16049,"Farm Reports, 25 March 1797",Health,Illness,Sick Lucey 3 [days],1797,March,25,1790-1799,,Dogue Run,I,,,Lucey,Lucy,,,,,,Sick,,,,,,I,,,1,2,,,,,Cr,Enslaved,,,,,Dogue Run,,,,,,,,FALSE,FALSE,
16516,"Farm Reports, 8 April 1797",Textile Work,Knitting,Lucey Knitting 1 pr do [Stockings] 6 [days],1797,April,08,1790-1799,,Mansion House,I,,,Lucey,Lucy,,,,,,,,Stockings (1 pair),,,Knitter,D,,,1,6,,,,,Cr,Enslaved,,,,,Spinners/Knitters/Sewers,,,,,,,,FALSE,FALSE,
16475,"Farm Reports, 8 April 1797",Health,Illness,Sick .. And Lucey [2] days,1797,April,08,1790-1799,,Dogue Run,I,,,Lucey,Lucy,,,,,,Sick,,,,,,,,,1,2,,,,,Cr,Enslaved,,,,,Dogue Run,,,,,,,,FALSE,FALSE,
16934,"Farm Reports, 15 April 1797",Health,Illness,Sick É Lucey 1 [day],1797,April,15,1790-1799,,Dogue Run,I,,,Lucey,Lucy,,,,,,Sick,,,,,,,,,1,1,,,,,Cr,Enslaved,,,,,Dogue Run,,,,,,,,FALSE,FALSE,
16994,"Farm Reports, 15 April 1797",Textile Work,Knitting,Lucey Knitting 1 pair do [Stockings] 6 [days],1797,April,15,1790-1799,,Mansion House,I,,,Lucey,Lucy,,,,,,,,Stockings (1 pair),,,Knitter,D,,,1,6,,,,,Cr,Enslaved,,,,,Spinners/Knitters/Sewers,,,,,,,,FALSE,FALSE,
17368,"Farm Reports, 22 April 1797",Textile Work,Knitting,Lucey knitting one pair do [Stockings] 5 [days],1797,April,22,1790-1799,,Mansion House,I,,,Lucey,Lucy,,,,,,,,Stockings (1 pair),,,Knitter,D,,,1,5,,,,,Cr,Enslaved,,,,,Spinners/Knitters/Sewers,,,,,,,,FALSE,FALSE,
17897,"Farm Reports, 29 April 1797",Textile Work,Knitting,Lucey knitting 1 pair of Do [Stockings]     6 [days],1797,April,29,1790-1799,,Mansion House,I,,,Lucey,Lucy,,,,,,,,Stockings (1 pair),,,Knitter,D,,,1,6,,,,,Cr,Enslaved,,,,,Spinners/Knitters/Sewers,,,,,,,,FALSE,FALSE,
19990,"Farm Reports, 6 May 1797",Textile Work,Knitting,Lucey knitting one pr [pair] Stockings 6 [days],1797,May,06,1790-1799,,Mansion House,I,,,Lucey,Lucy,,,,,,,,Stockings (1 pair),,,Knitter,D,,,1,6,,,,,Cr,Enslaved,,,,,Spinners/Knitters/Sewers,,,,,,,,FALSE,FALSE,
22131,"Farm Reports, 13 May 1797",Textile Work,Knitting,Lucy Knitting one pr [pair] of stockings 6 [days],1797,May,13,1790-1799,,Mansion House,I,,,Lucy,Lucy,,,,,,,,Stockings (1 pair),,,Knitter,D,,,1,6,,,,,Cr,Enslaved,,,,,Spinners/Knitters/Sewers,,,,,,,,FALSE,FALSE,
22581,"Farm Reports, 20 May 1797",Textile Work,Knitting,Lucy Knitting one pr of Stockings  6 [days],1797,May,20,1790-1799,,Mansion House,I,,,Lucy,Lucy,,,,,,,,Stockings (1 pair),,,Knitter,D,,,1,6,,,,,Cr,Enslaved,,,,,Spinners/Knitters/Sewers,,,,,,,,FALSE,FALSE,
23454,"Farm Reports, 3 June 1797",Health,Illness,"Sick Sillar 3 [days], & Lucey 3 days  6 [days]",1797,June,03,1790-1799,,Dogue Run,I,,,Lucey,Lucy,,,,,,Sick,,,,,,,,,1,3,,,,,Cr,Enslaved,,,,,Dogue Run,,,,,,,,FALSE,FALSE,
23569,"Farm Reports, 3 June 1797",Textile Work,Knitting,Lucey Knitting 2 pr [pairs] Stockings  6 [days],1797,June,03,1790-1799,,Mansion House,I,,,Lucey,Lucy,,,,,,,,Stockings (2 pairs),,,Knitter,D,,,1,6,,,,,Cr,Enslaved,,,,,Spinners/Knitters/Sewers,,,,,,,,FALSE,FALSE,
24840,"Farm Reports, 10 June 1797",Textile Work,Knitting,Lucy Knitting one pr [pair] of Stockings 5 [days],1797,June,10,1790-1799,,Mansion House,I,,,Lucy,Lucy,,,,,,,,Stockings (1 pair),,,Knitter,D,,,1,5,,,,,Cr,Enslaved,,,,,Spinners/Knitters/Sewers,,,,,,,,FALSE,FALSE,
25663,"Farm Reports, 17 June 1797",Textile Work,Knitting,Lucy Knitting 2 pr [pairs] Stockings 6 [days],1797,June,17,1790-1799,,Mansion House,I,,,Lucy,Lucy,,,,,,,,Stockings (2 pairs),,,Knitter,D,,,1,6,,,,,Cr,Enslaved,,,,,Spinners/Knitters/Sewers,,,,,,,,FALSE,FALSE,
8635,"Farm Reports, 1 July 1797",Textile Work,Knitting,Lucy Knitting 1 pair of Stockings  [6 days],1797,July,01,1790-1799,,Mansion House,I,,,Lucy,Lucy,,,,,,,,Stockings (1 pair),,,Knitter,D,,,1,6,,,,,Cr,Enslaved,,,,,Spinners/Knitters/Sewers,,,,,,,,FALSE,FALSE,
9045,"Farm Reports, 8 July 1797",Textile Work,Knitting,Lucy Knitting one pair of Stockings 6 [days],1797,July,08,1790-1799,,Mansion House,I,,,Lucy,Lucy,,,,,,,,Stockings (1 pair),,,Knitter,D,,,1,,6,,,,Cr,Enslaved,,,,,Spinners/Knitters/Sewers,,,,,,,,FALSE,FALSE,
9367,"Farm Reports, 15 July 1797",Textile Work,Knitting,Lucy Knitting one pair of Stockings 6 [days],1797,July,15,1790-1799,,Mansion House,I,,,Lucy,Lucy,,,,,,,,Stockings (1 pair),,,Knitter,D,,,1,,6,,,,Cr,Enslaved,,,,,Spinners/Knitters/Sewers,,,,,,,,FALSE,FALSE,
10431,"Farm Reports, 22 July 1797",Textile Work,Knitting,Lucy [knitting] one pair of Stockings 6 [days],1797,July,22,1790-1799,,Mansion House,I,,,Lucy,Lucy,,,,,,,,Stockings (1 pair),,,Knitter,I,,,1,,6,,,,Cr,Enslaved,,,,,Spinners/Knitters/Sewers,,,,,,,,FALSE,FALSE,
10582,"Farm Reports, 29 July 1797",Textile Work,Knitting,Lucy Do [Knitting] 1 pair of Do [Stockings] 6 [days],1797,July,29,1790-1799,,Mansion House,I,,,Lucy,Lucy,,,,,,,,Stockings (1 pair),,,Knitter,D,,,1,,6,,,,Cr,Enslaved,,,,,Spinners/Knitters/Sewers,,,,,,,,FALSE,FALSE,
10760,"Farm Reports, 5 August 1797",Textile Work,Knitting,Lucy Knitting one pr of Do [Stockings] 6 [days],1797,August,05,1790-1799,,Mansion House,I,,,Lucy,Lucy,,,,,,,,Stockings (1 pair),,,Knitter,D,,,1,,6,,,,Cr,Enslaved,,,,,Spinners/Knitters/Sewers,,,,,,,,FALSE,FALSE,
12382,"Farm Reports, 12 August 1797",Textile Work,Knitting,Lucy Do [Knitting] one pr [pair] of Do [Stockings] 6 [days],1797,August,09,1790-1799,,Mansion House,I,,,Lucy,Lucy,,,,,,,,Stockings (1 pair),,,Knitter,D,,,1,,6,,,,Cr,Enslaved,,,,,Spinners/Knitters/Sewers,,,,,,,,FALSE,FALSE,
13217,"Farm Reports, 10 September 1797",Health,Illness,Lucy with sore Legs & heels 6 dys [days],1797,August,10,1790-1799,,Dogue Run,I,,,Lucy,Lucy,,,,,,"Sore legs, heels",,,,,,,,,1,6,,,,,Cr,Enslaved,,,,,Dogue Run,,,,,,,,FALSE,FALSE,
12488,"Farm Reports, 19 August, 1797",Textile Work,Knitting,Lucy one pair of Stockings  6 [days],1797,August,19,1790-1799,,Mansion House,I,,,Lucy,Lucy,,,,,,,,Stockings (1 pair),,,Knitter,D,,,1,,6,,,,Cr,Enslaved,,,,,Spinners/Knitters/Sewers,,,,,,,,FALSE,FALSE,
12835,"Farm Reports, 26 August 1797",Textile Work,Knitting,Lucy Do [knitting] one pair of Do [Stockings]  6 [days],1797,August,26,1790-1799,,Mansion House,I,,,Lucy,Lucy,,,,,,,,Stockings (1 pair),,,Knitter,D,,,1,,6,,,,,Enslaved,,,,,Spinners/Knitters/Sewers,,,,,,,,FALSE,FALSE,
12912,"Farm Reports, 3 September 1797",Textile Work,Knitting,Lucy Do [Knitting] one pair of Do [Stockings]  6 [days],1797,September,03,1790-1799,,Mansion House,I,,,Lucy,Lucy,,,,,,,,Stockings (1 pair),,,Knitter,D,,,1,,6,,,,Cr,Enslaved,,,,,Spinners/Knitters/Sewers,,,,,,,,FALSE,FALSE,
12894,"Farm Reports, 3 September 1797",Health,Illness,Sick É Lucey 4 [days],1797,September,03,1790-1799,,Dogue Run,I,,,Lucey,Lucy,,,,,,Sick,,,,,,,,,1,4,,,,,Cr,Enslaved,,,,,Dogue Run,,,,,,,,FALSE,FALSE,
13295,"Farm Reports, 10 September 1797",Textile Work,Knitting,Lucy Do [Knitting] one pair of Do [Stockings]  6 [days],1797,September,10,1790-1799,,Mansion House,I,,,Lucy,Lucy,,,,,,,,Stockings (1 pair),,,Knitter,D,,,1,6,,,,,Cr,Enslaved,,,,,Spinners/Knitters/Sewers,,,,,,,,FALSE,FALSE,
13671,"Farm Reports, 16 September 1797",Textile Work,Knitting,Lucey knitting 1 pair Stockings  6 [days],1797,September,16,1790-1799,,Mansion House,I,,,Lucey,Lucy,,,,,,,,Stockings (1 pair),,,Knitter,D,,,1,6,6,,,,Cr,Enslaved,,,,,Spinners/Knitters/Sewers,,,,,,,,FALSE,FALSE,
14186,"Farm Reports, 23 September 1797",Textile Work,Knitting,Lucey Knitting 2 pear Stockings  6 [days],1797,September,23,1790-1799,,Mansion House,I,,,Lucey,Lucy,,,,,,,,Stockings (2 pairs),,,Knitter,D,,,1,,6,,,,Cr,Enslaved,,,,,Spinners/Knitters/Sewers,,,,,,,,FALSE,FALSE,
14552,"Farm Reports, 30 September 1797",Textile Work,Knitting,Lucey Knitting 2 pr [pairs] Stockings  6 [days],1797,September,30,1790-1799,,Mansion House,I,,,Lucey,Lucy,,,,,,,,Stockings (2 pairs),,,Knitter,D,,,1,,6,,,,Cr,Enslaved,,,,,Spinners/Knitters/Sewers,,,,,,,,FALSE,FALSE,
14635,"Farm Reports, 7 October 1797",Textile Work,Knitting,Lucey Knitting 2 pairs Stockings  6 [days],1797,October,07,1790-1799,,Mansion House,I,,,Lucey,Lucy,,,,,,,,Stockings (2 pairs),,,Knitter,D,,,1,,6,,,,Cr,Enslaved,,,,,Spinners/Knitters/Sewers,,,,,,,,FALSE,FALSE,
15061,"Farm Reports, 21 October 1797",Textile Work,Knitting,[Omitted in the previous week] Lucey Knitting 2 pr [pairs] Stockings  6 [days],1797,October,14,1790-1799,,Mansion House,I,,,Lucey,Lucy,,,,,,,,Stockings (2 pairs),,,Knitter,D,,,1,,6,,,,Cr,Enslaved,,,,,Spinners/Knitters/Sewers,,,,,,,,FALSE,FALSE,
14691,"Farm Reports, 14 October 1797",Health,Illness,Sick Lucey 4 [days] Sillar 2 [days] & Sall Twine 3 days  9 [days],1797,October,14,1790-1799,,Dogue Run,I,,,Lucey,Lucy,,,,,,Sick,,,,,,,,,1,4,,,,,Cr,Enslaved,,,,,Dogue Run,,,,,,,,FALSE,FALSE,
24482,"Tax Exemptions, 16 October 1797",Slave Value,Exemption/Tithable,"The following Negros the property of Gen: Washington Esqr <amt> exempted from paying Taxes & Levys in future Vizt Frank, Sam, Dolsey, Janny, Ben, Robbin, Ruth, Hannah, Molly, Hannah, Sue, Doll, Lucy, Flora, Bet, & CateÉ",1797,October,16,1790-1799,,Mount Vernon,I,,,Lucy,Lucy,,,,,,,,,,,,,,,1,,,,,,,Enslaved,,,,,,,,,,,,,FALSE,FALSE,
15095,"Farm Reports, 21 October 1797",Textile Work,Knitting,Lucey knitting 2 pr [pairs] Stockings  6 [days],1797,October,21,1790-1799,,Mansion House,I,,,Lucey,Lucy,,,,,,,,Stockings (2 pairs),,,Knitter,D,,,1,,6,,,,Cr,Enslaved,,,,,Spinners/Knitters/Sewers,,,,,,,,FALSE,FALSE,
15542,"Farm Reports, 28 October 1797",Textile Work,Knitting,Lucey knitted 2 pr [pairs] Stockings 6 [days],1797,October,28,1790-1799,,Mansion House,I,,,Lucey,Lucy,,,,,,,,Stockings (2 pairs),,,Knitter,D,,,1,,6,,,,Cr,Enslaved,,,,,Spinners/Knitters/Sewers,,,,,,,,FALSE,FALSE,
15659,"Farm Reports, 4 November 1797",Textile Work,Knitting,Lucey Knitt one pr Stockings - had no more Yarn  6 [days],1797,November,04,1790-1799,,Mansion House,I,,,Lucey,Lucy,,,,,,,,Stockings (1 pair),Yarn,,Knitter,D,,,1,,6,,,,Cr,Enslaved,,,,,Spinners/Knitters/Sewers,,,,,,,,FALSE,FALSE,
17101,"Farm Reports, 11 November 1797",Textile Work,,Lucey had no Yarn  6 [days],1797,November,11,1790-1799,,Mansion House,I,,,Lucey,Lucy,,,,,,,,,,,Unemployed,I,Knitter,I,1,,6,,,,Cr,Enslaved,,,,,Spinners/Knitters/Sewers,,,,,,,,FALSE,FALSE,
17300,"Farm Reports, 18 November 1797",Textile Work,,Lucey had no Yarn  6 [days],1797,November,18,1790-1799,,Mansion House,I,,,Lucey,Lucy,,,,,,,,,,,Unemployed,D,Knitter,I,1,,6,,,,Cr,Enslaved,,,,,Spinners/Knitters/Sewers,,,,,,,,FALSE,FALSE,
17613,"Farms Reports, 25 November 1797",Textile Work,,Lucey no Yarn  6 [days],1797,November,25,1790-1799,,Mansion House,I,,,Lucey,Lucy,,,,,,,,,,,Unemployed,D,Knitter,D,1,,6,,,,Cr,Enslaved,,,,,Spinners/Knitters/Sewers,,,,,,,,FALSE,FALSE,
17924,"Farm Reports, 3 December 1797",Textile Work,Knitting,Lucy Knitted 2 pr [pairs] Stockings  6 [days],1797,December,03,1790-1799,,Mansion House,I,,,Lucy,Lucy,,,,,,,,Stockings (2 pairs),,,Knitter,D,,,1,,6,,,,Cr,Enslaved,,,,,Spinners/Knitters/Sewers,,,,,,,,FALSE,FALSE,
18632,"Farm Reports, 9 December 1797",Textile Work,Knitting,Lucey Knitted 2 pr [pairs] Stockings 6 [days],1797,December,09,1790-1799,,Mansion House,I,,,Lucey,Lucy,,,,,,,,Stockings (2 pairs),,,Knitter,D,,,1,,6,,,,Cr,Enslaved,,,,,Spinners/Knitters/Sewers,,,,,,,,FALSE,FALSE,
18727,"Farm Reports, 16 December 1797",Health,Illness,Sick Leney 4 [days] And Lucey 1 day  5 [days],1797,December,16,1790-1799,,Dogue Run,I,,,Lucey,Lucy,,,,,,Sick,,,,,,,,,1,1,,,,,Cr,Enslaved,,,,,Dogue Run,,,,,,,,FALSE,FALSE,
19217,"Farm Reports, 16 December 1797",House Work,Knitting,Lucey knitt 2 pairs Do [Stockings]  6 [days],1797,December,16,1790-1799,,Mansion House,I,,,Lucey,Lucy,,,,,,,,Stockings (2 pairs),,,Knitter,D,,,1,6,6,,,,Cr,Enslaved,,,,,Spinners/Knitters/Sewers,,,,,,,,FALSE,FALSE,
19373,"Farm Reports, 23 December 1797",Health,Illness,Sick Lucey 2 [days],1797,December,23,1790-1799,,Mansion House,D,,,Lucey,Lucy,,,,,,Sick,,,,,,,,,1,2,,,,,Cr,Enslaved,,,,,Dogue Run,,,,,,,,FALSE,FALSE,
7027,"Farm Reports, 13 January 1798",Reassignment,Bricklaying,"Anthony, & Lucey Attending the Brick layers 12 [days]",1798,January,13,1790-1799,,Mansion House,I,,,Lucey,Lucy,,,,,,,,,,,Laborer,I,Bricklayer,I,1,6,,,,,Cr,Enslaved,,,,,Mansion House,,,,,,,,FALSE,FALSE,
7182,"Farm Reports, 20 January 1798",Reassignment,Bricklaying,Anthony & Lucey serving the Brick Layers in Brick & Mortar 12 [days],1798,January,20,1790-1799,,Mansion House,I,,,Lucey,Lucy,,,,,,,,,"Brick, Mortar",,Laborer,I,Bricklayer,I,1,6,,,,,Cr,Enslaved,,,,,Mansion House,,,,,,,,FALSE,FALSE,
1868,"Farm Reports, 27 January 1798",Textile Work,Knitting,Lucey Knitting 2 pr [pairs] Stockings 6 [days],1798,January,27,1790-1799,,Mansion House,I,,,Lucey,Lucy,,,,,,,,Stockings (2 pairs),,,Knitter,I,,,1,,6,,,,Cr,Enslaved,,,,,Spinners/Knitters/Sewers,,,,,,,,FALSE,FALSE,
7286,"Farm Reports, 27 January 1798",Reassignment,Bricklaying,"Anthony, & Lucey with the Brick Layers 12 [days]",1798,January,27,1790-1799,,Mansion House,I,,,Lucey,Lucy,,,,,,,,,,,Bricklayer,I,,,1,6,,,,,Cr,Enslaved,,,,,Mansion House,,,,,,,,FALSE,FALSE,
1888,"Farm Reports, 4 February 1798",Reassignment,Bricklaying,Anthony and Lucey Attending the Brick layers 12 [days],1798,February,04,1790-1799,,Mansion House,I,,,Lucey,Lucy,,,,,,,,,,,Laborer,I,Bricklayer,I,1,6,,,,,Cr,Enslaved,,,Custis Estate,,Mansion House,,,,,,,,FALSE,FALSE,
1981,"Farm Reports, 4 February 1798",Textile Work,Knitting,Lame Alley Knit 2 pr [pairs] Stockings & Lucey 2 pr [pairs] Do [Stockings],1798,February,04,1790-1799,,Mansion House,I,,,Lucey,Lucy,,,,,,,,Stockings (2 pairs),,,Knitter,D,,,1,6,,,,,Cr,Enslaved,,,,,Spinners/Knitters/Sewers,,,,,,,,FALSE,FALSE,
2002,"Farm Reports, 10 February 1798",Reassignment,Bricklaying,Anthony and Lucey Attending the Brick layers 12 [days],1798,February,10,1790-1799,,Mansion House,I,,,Lucey,Lucy,,,,,,,,,,,Laborer,I,Bricklayer,I,1,6,,,,,Cr,Enslaved,,,George Washington,,Mansion House,,,,,,,,FALSE,FALSE,
2355,"Farm Reports, 10 February 1798 (Addendum)",Textile Work,Knitting,"Lucey Knitted 2 pr [pair] Stockings, & Peter one pair do [Stockings] 12 [days]",1798,February,10,1790-1799,,Mansion House,I,,,Lucey,Lucy,,,,,,,,Stockings (2 pairs),,,Knitter,D,,,1,6,,,,,Cr,Enslaved,,,,,Spinners/Knitters/Sewers,,,,,,,,FALSE,FALSE,
2270,"Farm Reports, 18 February 1798",Textile Work,Knitting,Lucey Knitt one pair do [Stockings] 6 [days],1798,February,18,1790-1799,,Mansion House,I,,,Lucey,Lucy,,,,,,,,Stockings (1 pair),,,Knitter,I,,,1,,6,,,,Cr,Enslaved,,,,,Spinners/Knitters/Sewers,,,,,,,,FALSE,FALSE,
2338,"Farm Reports, 25 February 1798",Textile Work,Knitting,Lucey Knitt one pr [pair] do [Stockings] 6 [days],1798,February,25,1790-1799,,Mansion House,I,,,Lucey,Lucy,,,,,,,,Stockings (1 pair),,,Knitter,D,,,1,,6,,,,Cr,Enslaved,,,,,Spinners/Knitters/Sewers,,,,,,,,FALSE,FALSE,
2512,"Farm Reports, 3 March 1798",Textile Work,Knitting,Lucey Knitt 2 pair Stockings 6 [days],1798,March,03,1790-1799,,Mansion House,I,,,Lucey,Lucy,,,,,,,,Stockings (2 pairs),,,Knitter,D,,,1,,6,,,,Cr,Enslaved,,,,,Spinners/Knitters/Sewers,,,,,,,,FALSE,FALSE,
2631,"Farm Reports, 10 March 1798",Textile Work,Knitting,Lucey Knitting 2 pr [pair] do [Stockings] 6 [days],1798,March,10,1790-1799,,Mansion House,I,,,Lucey,Lucy,,,,,,,,Stockings (2 pairs),,,Knitter,D,,,1,,6,,,,Cr,Enslaved,,,,,Spinners/Knitters/Sewers,,,,,,,,FALSE,FALSE,
2693,"Farm Reports, 17 March 1798",Health,Illness,[Sick] Lucey 6 [days],1798,March,17,1790-1799,,Dogue Run,I,,,Lucey,Lucy,,,,,,Sick,,,,,,,,,1,6,,,,,Cr,Enslaved,,,,,Dogue Run,,,,,,,,FALSE,FALSE,
2754,"Farm Reports, 17 March 1798",Textile Work,Knitting,Lucey Knitt 2 pair do [Stockings] 6 [days],1798,March,17,1790-1799,,Mansion House,I,,,Lucey,Lucy,,,,,,,,Stockings (2 pairs),,,Knitter,D,,,1,,6,,,,Cr,Enslaved,,,,,Spinners/Knitters/Sewers,,,,,,,,FALSE,FALSE,
2883,"Farm Reports, 24 March 1798",Textile Work,Knitting,Lucy [knitting] 2 do [pairs of stockings] 6 [days],1798,March,24,1790-1799,,Mansion House,I,,,Lucy,Lucy,,,,,,,,Stockings (2 pairs),,,Knitter,D,,,1,,6,,,,Cr,Enslaved,,,,,Spinners/Knitters/Sewers,,,,,,,,FALSE,FALSE,
2992,"Farm Reports, 31 March 1798",Textile Work,Knitting,Lucy [knitting] 2 pr [pair] do [Stockings] 6 days,1798,March,31,1790-1799,,Mansion House,I,,,Lucy,Lucy,,,,,,,,Stockings (2 pairs),,,Knitter,D,,,1,6,,,,,Cr,Enslaved,,,,,Spinners/Knitters/Sewers,Eleanor Forbes,,,,,,,FALSE,FALSE,
3117,"Farm Reports, 7 April 1798",Textile Work,Knitting,Lucy [knitting] 2 do [pr Stocking] 6 ds [days],1798,April,07,1790-1799,,Mansion House,I,,,Lucy,Lucy,,,,,,,,Stockings (2 pairs),,,Knitter,D,,,1,6,,,,,Cr,Enslaved,,,,,Spinners/Knitters/Sewers,,,,,,,,FALSE,FALSE,
3245,"Farm Reports, 14 April 1798",Health,Illness,Lucy Do [knitting] 1 pr. [pair of stockings] & Sick Together 6 [days],1798,April,14,1790-1799,,Mansion House,I,,,Lucy,Lucy,,,,,,Sick,,,,,,,,,1,3,,,,,Cr,Enslaved,,,,,Spinners/Knitters/Sewers,,,,,,,,FALSE,FALSE,
3243,"Farm Reports, 14 April 1798",Textile Work,Knitting,Lucy [knitting] 1 pr. [pair of stockings] & Sick Together  6 [days],1798,April,14,1790-1799,,Mansion House,I,,,Lucy,Lucy,,,,,,,,Stockings (1 pair),,,Knitter,D,,,1,3,,,,,Cr,Enslaved,,,,,Spinners/Knitters/Sewers,,,,,,,,FALSE,FALSE,
3263,"Farm Reports, 21 April 1798",Runaway,Absent,Lucy absent 5 days,1798,April,21,1790-1799,,Mansion House,I,,,Lucy,Lucy,,,,,,,,,,,,,,,1,5,,,,,Cr,Enslaved,,,,,Mansion House,Samuel Brewer,,,,,,,FALSE,TRUE,
5064,"Farm Reports, 21 April 1798",Health,Childbirth,Lucy in Child bed 6 [days],1798,April,21,1790-1799,,Mansion House,I,,,Lucy,Lucy,,,,,,Childbirth,,,,,,,,,1,,6,,,,Cr,Enslaved,,,,,Spinners/Knitters/Sewers,,,,,,,,FALSE,FALSE,Childbirth Lucy (1798) - Phoenix
5173,"Farm Reports, 28 April 1798",Health,Childbirth,Lucy in Child bed 6 ds. [days],1798,April,28,1790-1799,,Mansion House,I,,,Lucy,Lucy,,,,,,Childbirth,,,,,,,,,1,6,,,,,Cr,Enslaved,,,,,Spinners/Knitters/Sewers,,,,,,,,FALSE,FALSE,Childbirth Lucy (1798) - Phoenix
12976,"Farm Reports, 5 May 1798",Health,Childbirth,Lucy in Child bed 6 [days],1798,May,05,1790-1799,,Mansion House,I,,,Lucy,Lucy,,,,,,Childbirth,,,,,,,,,1,6,,,,,Cr,Enslaved,,,,,Spinners/Knitters/Sewers,,,,,,,,FALSE,FALSE,Childbirth Lucy (1798) - Phoenix
13645,"Farm Reports, 12 May 1798",Health,Childbirth,Lucy in child bed 5 [days],1798,May,12,1790-1799,,Mansion House,I,,,Lucy,Lucy,,,,,,Childbirth,,,,,,,,,1,5,,,,,Cr,Enslaved,,,,,Spinners/Knitters/Sewers,,,,,,,,FALSE,FALSE,Childbirth Lucy (1798) - Phoenix
16643,"Farm Reports, 19 May 1798",Health,Illness,Lucy sick 6 [days],1798,May,19,1790-1799,,Mansion House,I,,,Lucy,Lucy,,,,,,Sick (Childbirth),,,,,,,,,1,6,,,,,Cr,Enslaved,,,,,Spinners/Knitters/Sewers,,,,,,,,FALSE,FALSE,Childbirth Lucy (1798) - Phoenix
16764,"Farm Reports, 26 May 1798",Textile Work,Knitting,Lucy knitting 2 pr. [pairs] Stockings 6 [days],1798,May,26,1790-1799,,Mansion House,I,,,Lucy,Lucy,,,,,,,,Stockings (2 pairs),,,Knitter,D,,,1,6,,,,,Cr,Enslaved,,,,,Spinners/Knitters/Sewers,,,,,,,,FALSE,FALSE,
17442,"Farm Reports, 2 June 1798",Textile Work,Knitting,Lucy do [knitting] 2 pr. do [pairs of stockings] 6 days,1798,June,02,1790-1799,,Mansion House,I,,,Lucy,Lucy,,,,,,,,Stockings (2 pairs),,,Knitter,D,,,1,6,,,,,Cr,Enslaved,,,,,Spinners/Knitters/Sewers,,,,,,,,FALSE,FALSE,
17507,"Farm Reports, 9 June 1798",Farm Work,Weeding,Lucy minding the corn in mill swamp 6 [days],1798,June,09,1790-1799,mill swamp,Dogue Run,I,,Mill swamp,Lucy,Lucy,,,,,,,,,,Corn,Cultivator of the Soil,I,,,1,6,,,,,Cr,Enslaved,,,,,Dogue Run,Joseph Cash,,,,,,,FALSE,FALSE,
18102,"Farm Reports, 16 June 1798",Farm Work,Weeding,Old Lucy mindg. Corn in mill swamp 4 [days],1798,June,16,1790-1799,mill swamp,Dogue Run,I,,Mill swamp,Old Lucy,Lucy,,,,,,,Old,,,Corn,Cultivator of the Soil,I,,,1,4,,,,,Cr,Enslaved,,,,,Dogue Run,Joseph Cash,,,,,,,FALSE,FALSE,
18181,"Farm Reports, 16 June 1798",Textile Work,Knitting,Lucy do [knitting] 3 [pairs] stockings 6 ds [days],1798,June,16,1790-1799,,Mansion House,I,,,Lucy,Lucy,,,,,,,,Stockings (3 pairs),,,Knitter,D,,,1,6,,,,,Cr,Enslaved,,,,,Spinners/Knitters/Sewers,Eleanor Forbes,,,,,,,FALSE,FALSE,
18377,"Farm Reports, 23 June 1798",Textile Work,Knitting,Lucy footing 4 pr stockings 6 ds [days],1798,June,23,1790-1799,,Mansion House,I,,,Lucy,Lucy,,,,,,,,Stockings (4 pairs),,,Knitter,D,,,1,6,,,,,Cr,Enslaved,,,,,Spinners/Knitters/Sewers,,,,,,,,FALSE,FALSE,
19121,"Farm Reports, 30 June 1798",Textile Work,Knitting,Lucy do [knitting] 2 pr. do [pairs of stockings] 6 ds [days],1798,June,30,1790-1799,,Mansion House,I,,,Lucy,Lucy,,,,,,,,Stockings (2 pairs),,,Knitter,D,,,1,6,,,,,Cr,Enslaved,,,,,Spinners/Knitters/Sewers,Eleanor Forbes,,,,,,,FALSE,FALSE,
19152,"Farm Reports, 30 June 1798",Health,Illness,& Lucy do [sick] 2 [days],1798,June,30,1790-1799,,Dogue Run,I,,,Lucy,Lucy,,,,,,Sick,,,,,,,,,1,2,,,,,Cr,Enslaved,,,,,Dogue Run,,,,,,,,FALSE,FALSE,
6756,"Farm Reports, 7 July 1798",Textile Work,Knitting,Lucy ditto [knitting] 2 pr do [stockings] 6 ds. [days],1798,July,07,1790-1799,,Mansion House,I,,,Lucy,Lucy,,,,,,,,Stockings (2 pairs),,,Knitter,D,,,1,6,,,,,Cr,Enslaved,,,,,Spinners/Knitters/Sewers,,,,,,,,FALSE,FALSE,
7752,"Farm Reports, 14 July 1798",Textile Work,Knitting,Lucy [knitting] 2 do [pairs of stockings] 6 [days],1798,July,14,1790-1799,,Mansion House,I,,,Lucy,Lucy,,,,,,,,Stockings (2 pairs),,,Knitter,D,,,1,6,,,,,Cr,Enslaved,,,,,Spinners/Knitters/Sewers,,,,,,,,FALSE,FALSE,
7788,"Farm Reports, 21 July 1798",Health,Illness,Lucy lame 6 [days],1798,July,21,1790-1799,,River Farm,I,,,Lucy,Lucy,,,,,,Lame,,,,,,,,,1,6,,,,,Cr,Enslaved,,,,,River Farm,,,,,,,,FALSE,FALSE,
7905,"Farm Reports, 21 July 1798",Textile Work,Knitting,Lucy [knitting] 2 pr do [stockings] 6 ds. [days],1798,July,21,1790-1799,,Mansion House,I,,,Lucy,Lucy,,,,,,,,Stockings (2 pairs),,,Knitter,D,,,1,6,,,,,Cr,Enslaved,,,,,Spinners/Knitters/Sewers,,,,,,,,FALSE,FALSE,
8001,"Farm Reports, 28 July 1798",Textile Work,Knitting,Lucy [knitting] 2 do [pairs of stockings 6 days],1798,July,28,1790-1799,,Mansion House,I,,,Lucy,Lucy,,,,,,,,Stockings (2 pairs),,,Knitter,D,,,1,6,,,,,Cr,Enslaved,,,,,Spinners/Knitters/Sewers,,,,,,,,FALSE,FALSE,
7959,"Farm Reports, 28 July 1798",Health,Illness,Old Lucy do [with sore eyes] 2 [days],1798,July,28,1790-1799,,Dogue Run,I,,,Old Lucy,Lucy,,,,,,Sore eyes,Old,,,,,,,,1,2,,,,,Cr,Enslaved,,,,,Dogue Run,Joseph Cash,,,,,,,FALSE,FALSE,
8103,"Farm Reports, 4 August 1798",Textile Work,Knitting,Lucy [knitting] 2 pr do [stockings] 6 [days],1798,August,04,1790-1799,,Mansion House,I,,,Lucy,Lucy,,,,,,,,Stockings (2 pairs),,,Knitter,D,,,1,6,,,,,Cr,Enslaved,,,,,Spinners/Knitters/Sewers,,,,,,,,FALSE,FALSE,
8195,"Farm Reports, 11 August 1798",Textile Work,Knitting,Lucy do 2 pr Do [knitting 2 pairs of stockings 6 days],1798,August,11,1790-1799,,Mansion House,I,,,Lucy,Lucy,,,,,,,,Stockings (2 pairs),,,Knitter,D,,,1,6,,,,,Cr,Enslaved,,,,,Spinners/Knitters/Sewers,,,,,,,,FALSE,FALSE,
8299,"Farm Reports, 18 August 1798",Textile Work,Knitting,Lucy [knitting] 2 do [pairs of stockings] [6 days],1798,August,18,1790-1799,,Mansion House,I,,,Lucy,Lucy,,,,,,,,Stockings (2 pairs),,,Knitter,D,,,1,6,,,,,Cr,Enslaved,,,,,Spinners/Knitters/Sewers,,,,,,,,FALSE,FALSE,
8438,"Farm Reports, 25 August 1798",Textile Work,Knitting,Lucy [knitting] 2 pr Do [stockings] [6 days],1798,August,25,1790-1799,,Mansion House,I,,,Lucy,Lucy,,,,,,,,Stockings (2 pairs),,,Knitter,D,,,1,6,,,,,Cr,Enslaved,,,,,Spinners/Knitters/Sewers,Eleanor Forbes,,,,,,,FALSE,FALSE,
8734,"Farm Reports, 1 September 1798",Textile Work,Knitting,Lucy [knitting] 2 pr Stockg 6 [days],1798,September,01,1790-1799,,Mansion House,I,,,Lucy,Lucy,,,,,,,,Stockings (2 pairs),,,Knitter,D,,,1,6,,,,,Cr,Enslaved,,,,,Spinners/Knitters/Sewers,,,,,,,,FALSE,FALSE,
8827,"Farm Reports, 8 September 1798",Textile Work,Knitting,Lucy do [knitting] 2 pr [pairs] [stockings 6 days],1798,September,08,1790-1799,,Mansion House,I,,,Lucy,Lucy,,,,,,,,Stockings (2 pairs),,,Knitter,I,,,1,6,,,,,Cr,Enslaved,,,,,Spinners/Knitters/Sewers,,,,,,,,FALSE,FALSE,
9155,"Farm Reports, 15 September 1798",Textile Work,Knitting,Lucy [knitting] 2 pr [pairs of stockings] 6 [days],1798,September,15,1790-1799,,Mansion House,I,,,Lucy,Lucy,,,,,,,,Stockings (2 pairs),,,Knitter,D,,,1,6,,,,,Cr,Enslaved,,,,,Spinners/Knitters/Sewers,,,,,,,,FALSE,FALSE,
9247,"Farm Reports, 22 September 1798",Textile Work,Knitting,Lucy do [knitting 2 pairs of stockings] [6 days],1798,September,22,1790-1799,,Mansion House,I,,,Lucy,Lucy,,,,,,,,Stockings (2 pairs),,,Knitter,D,,,1,6,,,,,Cr,Enslaved,,,,,Spinners/Knitters/Sewers,,,,,,,,FALSE,FALSE,
9576,"Farm Reports, 29 September 1798",Textile Work,Knitting,Lucy [knitting] 2 pr [pairs] do [stockings] 6 ds. [days],1798,September,29,1790-1799,,Mansion House,I,,,Lucy,Lucy,,,,,,,,Stockings (2 pairs),,,Knitter,D,,,1,6,,,,,Cr,Enslaved,,,,,Spinners/Knitters/Sewers,,,,,,,,FALSE,FALSE,
10087,"Farm Reports, 6 October 1798",Textile Work,Knitting,Lucy 2 do. [knitting 2 pairs of stockings] [6 days],1798,October,06,1790-1799,,Mansion House,I,,,Lucy,Lucy,,,,,,,,Stockings (2 pairs),,,Knitter,D,,,1,6,,,,,Cr,Enslaved,,,,,Spinners/Knitters/Sewers,,,,,,,,FALSE,FALSE,
9697,"Farm Reports, 13 October 1798",Textile Work,Knitting,Lucy do [knitting] 2 pr [pairs of stockings] 6 [days],1798,October,13,1790-1799,,Mansion House,I,,,Lucy,Lucy,,,,,,,,Stockings (2 pairs),,,Knitter,D,,,1,6,,,,,Cr,Enslaved,,,,,Spinners/Knitters/Sewers,,,,,,,,FALSE,FALSE,
10187,"Farm Reports, 20 October 1798",Textile Work,Knitting,Lucy [knitting] 1 pr do [stockings] [6 days],1798,October,20,1790-1799,,Mansion House,I,,,Lucy,Lucy,,,,,,,,Stockings (1 pair),,,Knitter,I,,,1,6,,,,,Cr,Enslaved,,,,,Spinners/Knitters/Sewers,,,,,,,,FALSE,FALSE,
10296,"Farm Reports, 27 October 1798",Textile Work,Knitting,Lucy do [knitting] 2 [pairs of stockings] [6 days],1798,October,27,1790-1799,,Mansion House,I,,,Lucy,Lucy,,,,,,,,Stockings (2 pairs),,,Knitter,D,,,1,6,,,,,Cr,Enslaved,,,,,Spinners/Knitters/Sewers,,,,,,,,FALSE,FALSE,
10842,"Farm Reports, 3 November 1798",Textile Work,Knitting,Lucy [knitting] 2 pr Stockings [6 days],1798,November,03,1790-1799,,Mansion House,I,,,Lucy,Lucy,,,,,,,,Stockings (2 pairs),,,Knitter,D,,,1,6,,,,,Cr,Enslaved,,,,,Spinners/Knitters/Sewers,,,,,,,,FALSE,FALSE,
10943,"Farm Reports, 10 November 1798",Textile Work,Knitting,Lucy do [knitting 2 pairs stockings 6 days],1798,November,09,1790-1799,,Mansion House,I,,,Lucy,Lucy,,,,,,,,Stockings (2 pairs),,,Knitter,I,,,1,6,,,,,Cr,Enslaved,,,,,Spinners/Knitters/Sewers,,,,,,,,FALSE,FALSE,
11057,"Farm Reports, 17 November 1798",Textile Work,Knitting,Lucy do [knitting 2 pairs Stockings]  [6 days],1798,November,17,1790-1799,,Mansion House,I,,,Lucy,Lucy,,,,,,,,Stockings (2 pairs),,,Knitter,D,,,1,6,,,,,Cr,Enslaved,,,,,Spinners/Knitters/Sewers,,,,,,,,FALSE,FALSE,
11202,"Farm Reports, 24 November 1798",Textile Work,Knitting,Lucy [knitting] 2 do [pairs of stockings]  [6 days],1798,November,24,1790-1799,,Mansion House,I,,,Lucy,Lucy,,,,,,,,Stockings (2 pairs),,,Knitter,D,,,1,6,,,,,Cr,Enslaved,,,,,Spinners/Knitters/Sewers,,,,,,,,FALSE,FALSE,
11111,"Farm Reports, 24 November 1798",Health,Illness,Sick...old Lucy 2 [days],1798,November,24,1790-1799,,Dogue Run,I,,,old Lucy,Lucy,,,,,,Sick,Old,,,,,,,,1,2,,,,,Cr,Enslaved,,,,,Dogue Run,,,,,,,,FALSE,FALSE,
11294,"Farm Reports, 1 December 1798",Textile Work,Knitting,Lucy [knitting] 2 ditto [pairs of stockings] [6 days],1798,December,01,1790-1799,,Mansion House,I,,,Lucy,Lucy,,,,,,,,Stockings (2 pairs),,,Knitter,D,,,1,6,,,,,Cr,Enslaved,,,,,Spinners/Knitters/Sewers,,,,,,,,FALSE,FALSE,
11395,"Farm Reports, 8 December 1798",Textile Work,Knitting,Lucy [knitting] 2 pr [pairs] do [stockings] [6 days],1798,December,08,1790-1799,,Mansion House,I,,,Lucy,Lucy,,,,,,,,Stockings (2 pairs),,,Knitter,D,,,1,6,,,,,Cr,Enslaved,,,,,Spinners/Knitters/Sewers,,,,,,,,FALSE,FALSE,
11975,"Farm Reports, 15 December 1798",Textile Work,Knitting,Lucy pr do [knitting 1 pair of stockings 6 days],1798,December,15,1790-1799,,Mansion House,I,,,Lucy,Lucy,,,,,,,,Stockings (1 pair),,,Knitter,D,,,1,6,,,,,Cr,Enslaved,,,,,Spinners/Knitters/Sewers,,,,,,,,FALSE,FALSE,
1272,"Farm Reports, 12 January 1799",Health,Illness,[Sick] Lucy 3 [days],1799,January,12,1790-1799,Union Farm,Union Farm,D,,,Lucy,Lucy,,,,,,Sick,,,,,,,,,1,3,,,,,Cr,Enslaved,,,,,Union Farm,,,,,,,,FALSE,FALSE,
6858,"Farm Reports, 19 January 1799",Textile Work,Knitting,Lucy [knitting 1 pair stockings] 6 ds. [days],1799,January,19,1790-1799,,Mansion House,I,,,Lucy,Lucy,,,,,,,,Stockings (1 pair),,,Knitter,D,,,1,6,,,,,Cr,Enslaved,,,,,Spinners/Knitters/Sewers,,,,,,,,FALSE,FALSE,
6958,"Farm Reports, 26 January 1799",Textile Work,Knitting,& Lucy [knitting] 6 [days],1799,January,26,1790-1799,,Mansion House,I,,,Lucy,Lucy,,,,,,,,,,,Knitter,D,,,1,6,,,,,Cr,Enslaved,,,,,Spinners/Knitters/Sewers,,,,,,,,FALSE,FALSE,
6883,"Farm Reports, 26 January 1799",Health,Illness,Sick...Lucy 1 [day],1799,January,26,1790-1799,,Mansion House,D,,,Lucy,Lucy,,,,,,Sick,,,,,,,,,1,1,,,,,Cr,Enslaved,,,,,Mansion House,,,,,,,,FALSE,FALSE,
691,"Negroes Belonging to George Washington in his own Right and by Marriage, June 1799",Census,,Lucy [aged] 18 Ditto [Husband] Cyrus Post[ilio]n  dowr,1799,June,,1790-1799,,River Farm,D,,,Lucy,Lucy,,1781,,18,Years,,,,,,Cultivator of the Soil,I,,,1,,,,,,,Enslaved,,,George Washington,,,,,,,Married,Cyrus A,,FALSE,FALSE,
668,"Negroes Belonging to George Washington in his own Right and by Marriage, June 1799",Census,,Lucy  Cook  [Remarks] Husband Ho[use] Frank  GW,1799,June,,1790-1799,,Mansion House,D,,,Lucy,Lucy,,,,,,,,,,,Cook,D,,,1,,,,,,,Enslaved,,,Custis Estate,,,,,,,Married,Frank Lee,,FALSE,FALSE,
751,"Negroes Belonging to George Washington in his own Right and by Marriage, June 1799",Census,,Lucy  [Remarks] No Husband,1799,June,,1790-1799,,Mansion House,D,,,Lucy,Lucy,,,,,,,,,,,Worker,I,,,1,,,,,,,Enslaved,,,Custis Estate,,,,,,,Single,,,FALSE,FALSE,
1702,"Negroes Belonging to George Washington in his own Right and by Marriage, June 1799",Census,,Lucy [age] 2  Ditto [Daughter] to Sarah  ditto [at Dogue Run],1799,June,,1790-1799,,Dogue Run,D,,,Lucy,Lucy,,1797,,2,Years,,Child,,,,,,,,1,,,,,,,Enslaved,,,George Washington,,,,,,,Single,,Sarah C,FALSE,FALSE,
1703,"Negroes Belonging to George Washington in his own Right and by Marriage, June 1799",Census,,Lucy [age] 55  Ditto [Husband] McCarty's  George  a Knitter,1799,June,,1790-1799,,Union Farm,I,,,Lucy,Lucy,,1744,,55,Years,,,,,,Knitter,D,,,1,,,,,,,Enslaved,,George Washington,Penelope French,,,,,,,Married,George F,,FALSE,FALSE,
2145,"Negroes Belonging to George Washington in his own Right and by Marriage, June 1799",Census,,Lucy [age] 50  [Remarks] Husbd [Husband] Smith Natt  GW,1799,June,,1790-1799,,Dogue Run,D,,,Lucy,Lucy,,1749,,50,Years,,,,,,Cultivator of the Soil,I,,,1,,,,,,,Enslaved,,,Custis Estate,,,,,,,Married,Natt A,,FALSE,FALSE,
2157,"Negroes Belonging to George Washington in his own Right and by Marriage, June 1799",Census,,Lucy  [age] 50  Husbd  at Cap. Marshalls,1799,June,,1790-1799,,Union Farm,D,,,Lucy,Lucy,,1749,,50,Years,,,,,,Cultivator of the Soil,I,,,1,,,,,,,Enslaved,,,Custis Estate,,,,,,,Married,Unknown Male,,FALSE,FALSE,
661,"Negroes Belonging to George Washington in his own Right and by Marriage, June 1799",Census,,Lucy  [age] 11  Daughr [Daughter] to Peg,1799,June,,1790-1799,,Muddy Hole,D,,,Lucy,Lucy,,1788,,11,Years,,Child,,,,,,,,1,,,,,,,Enslaved,,,George Washington,,,,,,,Single,,Peg A,FALSE,FALSE,
18198,"List of Negros, Mrs. French, 15 July 1799",Slave Hire,Census,"A list of Negros the property the property of Mrs. French, in possession of George Washington, by virtue of a Contract which is to terminate with the life of the former. Ð  É
Lucy			   Abt 55   			Lame, or pretends to be so, occasioned by rheumatic 							pains; _ but is a good knitter, & so employed. _ É
The Negros contained in this list, with the Remarks on them, are given with accuracy; _ and their ages are entered from their own accounts of them.  _  They are a parcel of very likely & healthy people; _ and since the going off, of a fellow called Paul (four or 5 years ago) are as orderly, and as well disposed a set, as any equal number in the Country.  _",1799,July,15,1790-1799,,Mount Vernon,I,,,Lucy,Lucy,,1744,,55,Years,Rheumatism,Lame,,,,Knitter,D,,,1,,,,,,,Enslaved,,George Washington,Penelope French,,,,,,,,,,FALSE,FALSE,
